"X","Y","pa","bio1","bio2","bio3","bio4","bio5","bio6","bio7","bio8","bio9","bio10","bio11","bio12","bio13","bio14","bio15","bio16","bio17","bio18","bio19"
-104.896667,38.866005,"1",8,16.6,4.2,789,28.7,-10.5,39.2,18.5,-1.7,18.5,-1.7,427,73,9,60,194,34,194,34
-104.883196,38.875486,"1",6.4,16.7,4.2,778.1,27,-12.1,39.1,16.7,-3.2,16.7,-3.2,452,76,10,59,204,38,204,38
-104.83934,38.722775,"1",5.8,16.2,4.2,778,26.1,-12.4,38.5,16.1,-3.8,16.1,-3.8,474,81,11,58,214,43,214,43
-104.897199,38.864713,"1",8,16.6,4.2,789,28.7,-10.5,39.2,18.5,-1.7,18.5,-1.7,427,73,9,60,194,34,194,34
-104.855046,38.908459,"1",8.2,16.4,4.1,792.9,28.9,-10.2,39.1,18.8,-1.5,18.8,-1.5,426,72,9,60,194,34,194,34
-112.135666,36.057804,"1",7.8,16.2,4.4,721.5,27.8,-8.5,36.3,16.9,10.6,17.3,-0.9,411,55,14,32,133,57,115,112
-105.858488,33.016408,"1",11.7,15.4,4.6,666.2,28.5,-4.6,33.1,19.4,10.9,20.3,3.3,432,85,11,64,221,50,200,74
-105.862205,33.012119,"1",11.7,15.4,4.6,666.2,28.5,-4.6,33.1,19.4,10.9,20.3,3.3,432,85,11,64,221,50,200,74
-104.479605,37.007539,"1",6.5,16.5,4.3,758.3,25.9,-12.4,38.3,16.4,-3.2,16.4,-3.2,492,84,17,53,217,59,217,59
-104.571188,37.142995,"1",9.8,16.7,4.3,778.2,29.5,-9.1,38.6,20,0,20,0,374,65,11,57,168,36,168,36
-107.892314,37.275273,"1",7.4,17.6,4.2,815.2,29.2,-12.6,41.8,13.7,11.1,17.9,-3.2,470,57,17,26,150,74,122,117
-105.821617,32.983697,"1",10.4,14.6,4.6,642.6,26.6,-5.1,31.7,17.8,9.6,18.7,2.3,492,97,12,65,253,57,231,87
-104.479753,37.008114,"1",6.5,16.5,4.3,758.3,25.9,-12.4,38.3,16.4,-3.2,16.4,-3.2,492,84,17,53,217,59,217,59
-111.726667,34.914167,"1",13.3,16.5,4.5,717.9,32.8,-3.2,36,22.2,16.2,22.8,4.5,550,66,11,36,172,62,136,163
-104.513472,37.180938,"1",9.9,16.6,4.3,777,29.6,-8.8,38.4,20.1,0.2,20.1,0.2,379,65,11,55,167,38,167,38
-104.515183,37.183108,"1",9.9,16.6,4.3,777,29.6,-8.8,38.4,20.1,0.2,20.1,0.2,379,65,11,55,167,38,167,38
-104.516463,37.184475,"1",9.9,16.6,4.3,777,29.6,-8.8,38.4,20.1,0.2,20.1,0.2,379,65,11,55,167,38,167,38
-113.189022,37.764442,"1",9.2,16.5,4.1,822.2,31,-8.9,39.9,3.8,12.6,20.1,-1,324,37,13,22,94,64,80,74
-109.622449,38.797276,"1",11.4,15.8,3.6,955,34.5,-9.2,43.7,18.3,-1.1,23.7,-1.1,243,28,12,21,77,49,60,49
-111.249725,38.292221,"1",10.1,15.4,3.7,887,31.8,-9.5,41.3,20.8,-1.2,21.7,-1.2,197,30,10,37,78,31,66,31
-105.548713,36.528372,"1",6.2,17.9,4.3,802.4,27,-14.6,41.6,15.7,-4.4,16.3,-4.4,378,67,17,49,164,54,159,54
-105.211808,35.60733,"1",9.1,18.7,4.6,744.2,29.2,-10.6,39.8,17.9,-0.4,18.9,-0.4,404,83,11,70,207,36,203,36
-105.245413,35.517113,"1",9.3,18.9,4.7,750.8,29.5,-10.5,40,18.2,-0.2,19.2,-0.2,397,82,11,69,204,36,198,36
-105.837495,32.93567,"1",11.2,14.9,4.5,653.6,27.8,-4.6,32.4,18.7,10.5,19.7,3,458,90,11,64,234,53,213,80
-111.789782,34.85333,"1",15.1,17.1,4.6,733.8,35.2,-1.9,37.1,24.2,18.1,24.8,6.1,476,58,9,37,153,52,117,136
-103.024666,36.839636,"1",12.4,16.9,4.1,837.6,32.9,-7.5,40.4,23.4,1.9,23.4,1.9,391,70,8,65,181,25,181,25
-110.497039,33.793336,"1",14,17,4.6,724.9,33.3,-3.5,36.8,23,17,23.4,5,463,78,10,48,181,39,150,125
-106.416454,37.08462,"1",1.9,16.1,4.2,745.1,21.2,-16.4,37.6,11,5.1,11.5,-7.5,664,83,34,24,213,115,189,159
-112.050852,36.195681,"1",7.3,15.7,4.3,725.9,27.1,-8.8,35.9,-0.5,10.2,16.9,-1.5,425,54,13,33,132,57,113,121
-112.146111,36.066389,"1",7.8,16.2,4.4,721.5,27.8,-8.5,36.3,16.9,10.6,17.3,-0.9,411,55,14,32,133,57,115,112
-105.47103,32.735828,"1",10.6,15,4.7,625.3,26.7,-5.2,31.9,17.8,6.4,18.7,2.7,448,91,11,69,239,52,220,67
-105.470863,32.736263,"1",10.6,15,4.7,625.3,26.7,-5.2,31.9,17.8,6.4,18.7,2.7,448,91,11,69,239,52,220,67
-105.470947,32.737748,"1",10.6,15,4.7,625.3,26.7,-5.2,31.9,17.8,6.4,18.7,2.7,448,91,11,69,239,52,220,67
-111.780862,34.851987,"1",15.1,17.1,4.6,733.8,35.2,-1.9,37.1,24.2,18.1,24.8,6.1,476,58,9,37,153,52,117,136
-105.469471,32.740343,"1",10.6,15,4.7,625.3,26.7,-5.2,31.9,17.8,6.4,18.7,2.7,448,91,11,69,239,52,220,67
-105.468155,32.741789,"1",10.6,15,4.7,625.3,26.7,-5.2,31.9,17.8,6.4,18.7,2.7,448,91,11,69,239,52,220,67
-105.468417,32.741813,"1",10.6,15,4.7,625.3,26.7,-5.2,31.9,17.8,6.4,18.7,2.7,448,91,11,69,239,52,220,67
-105.893097,32.938483,"1",12.7,15.8,4.6,684.2,30,-4,34,20.6,12,21.6,4.1,389,76,10,64,199,44,178,65
-105.89138,32.937997,"1",12.7,15.8,4.6,684.2,30,-4,34,20.6,12,21.6,4.1,389,76,10,64,199,44,178,65
-105.890817,32.938172,"1",12.7,15.8,4.6,684.2,30,-4,34,20.6,12,21.6,4.1,389,76,10,64,199,44,178,65
-105.89363,32.94038,"1",12.7,15.8,4.6,684.2,30,-4,34,20.6,12,21.6,4.1,389,76,10,64,199,44,178,65
-105.885222,32.929547,"1",12.7,15.8,4.6,684.2,30,-4,34,20.6,12,21.6,4.1,389,76,10,64,199,44,178,65
-108.967622,40.294947,"1",6.2,16.1,3.7,926.6,29.6,-13.9,43.5,13.3,-5.7,18.3,-5.7,318,34,17,19,92,57,82,57
-105.471122,32.735488,"1",10.6,15,4.7,625.3,26.7,-5.2,31.9,17.8,6.4,18.7,2.7,448,91,11,69,239,52,220,67
-105.890808,32.953042,"1",12.7,15.8,4.6,684.2,30,-4,34,20.6,12,21.6,4.1,389,76,10,64,199,44,178,65
-112.115766,36.064942,"1",7.6,16.1,4.4,720.4,27.5,-8.7,36.2,16.7,10.5,17.1,-1.1,415,55,14,33,133,57,115,114
-112.110366,36.06244,"1",7.6,16.1,4.4,720.4,27.5,-8.7,36.2,16.7,10.5,17.1,-1.1,415,55,14,33,133,57,115,114
-111.993141,35.039234,"1",12.4,16.4,4.5,716.6,31.9,-4,35.9,21.4,15.4,21.9,3.7,504,69,11,38,174,58,142,139
-109.072602,37.383762,"1",10.9,17.4,3.9,914.1,34.2,-9.9,44.1,17.7,15.3,22.7,-1,287,35,9,27,93,44,64,71
-112.015778,35.011871,"1",11.2,16.1,4.5,705.1,30.4,-4.9,35.3,20,14,20.5,2.6,532,75,12,39,187,61,155,146
-106.583137,32.28466,"1",12.7,16.2,4.6,693.9,30.4,-4.2,34.6,20.6,11.9,21.7,3.9,356,73,7,73,195,32,172,57
-106.600717,37.6703,"1",3.7,18,4.2,839.7,24.6,-17.6,42.2,13.6,-7.4,14.2,-7.4,372,56,20,34,143,68,125,68
-105.888138,35.690294,"1",8.1,16.2,4.3,738.4,27.3,-9.7,37,16.9,-1.2,17.7,-1.2,450,83,22,55,211,68,197,68
-106.30107,35.000378,"1",8.8,15.9,4.3,739.9,28.2,-8.5,36.7,17.6,12.6,18.5,-0.6,455,76,23,48,199,76,179,85
-112.050728,36.195408,"1",7.3,15.7,4.3,725.9,27.1,-8.8,35.9,-0.5,10.2,16.9,-1.5,425,54,13,33,132,57,113,121
-109.151665,40.060276,"1",8.1,17.1,3.5,1034.5,32.9,-15,47.9,15.6,-5.9,21.1,-5.9,249,29,13,22,76,44,63,44
-106.468012,35.13422,"1",10.9,16,4.2,785.7,30.9,-7,37.9,20.2,15,21.2,1,347,58,19,47,150,60,135,62
-111.514663,35.36212,"1",7.8,16.2,4.4,728.5,27.6,-9,36.6,17,10.9,17.4,-1.2,474,67,12,38,172,57,141,127
-112.136053,36.065762,"1",7.8,16.2,4.4,721.5,27.8,-8.5,36.3,16.9,10.6,17.3,-0.9,411,55,14,32,133,57,115,112
-112.139922,36.06225,"1",7.8,16.2,4.4,721.5,27.8,-8.5,36.3,16.9,10.6,17.3,-0.9,411,55,14,32,133,57,115,112
-112.1432,36.05912,"1",7.8,16.2,4.4,721.5,27.8,-8.5,36.3,16.9,10.6,17.3,-0.9,411,55,14,32,133,57,115,112
-112.12957,36.073947,"1",7.8,16.2,4.4,721.5,27.8,-8.5,36.3,16.9,10.6,17.3,-0.9,411,55,14,32,133,57,115,112
-112.16655,36.070208,"1",7.8,16.2,4.4,721.5,27.8,-8.5,36.3,16.9,10.6,17.3,-0.9,411,55,14,32,133,57,115,112
-105.409112,35.398103,"1",9.7,18.4,4.6,757.7,30,-9.8,39.8,18.7,0.1,19.6,0.1,368,77,12,69,191,39,182,39
-109.867702,38.303552,"1",11,15.7,3.6,928.4,33.7,-9.1,42.8,17.8,15.6,23,-1,248,29,10,25,83,47,64,53
-104.951828,36.457598,"1",8.6,18.3,4.7,743.9,28.3,-10.6,38.9,18.2,-0.8,18.2,-0.8,401,76,10,65,193,33,193,33
-109.604895,38.796759,"1",11.4,15.8,3.6,955,34.5,-9.2,43.7,18.3,-1.1,23.7,-1.1,243,28,12,21,77,49,60,49
-113.793862,35.1505,"1",13.7,15.4,4.4,723,32.9,-2,34.9,22.9,16.3,23.3,5.1,279,43,6,43,100,28,82,81
-112.40479,36.434188,"1",8.2,15.8,4.3,741.8,28.4,-8.2,36.6,0.2,11.1,18.1,-0.8,419,53,14,32,131,59,111,119
-111.764367,34.802088,"1",15.1,17.1,4.6,732.4,35.2,-1.9,37.1,24.2,18.1,24.8,6.2,476,60,9,37,155,52,119,136
-107.749855,38.190732,"1",6.8,18.2,4.2,827.2,28.8,-13.9,42.7,16.8,10.7,17.4,-3.9,425,49,23,20,137,89,118,89
-105.408523,35.398033,"1",9.7,18.4,4.6,757.7,30,-9.8,39.8,18.7,0.1,19.6,0.1,368,77,12,69,191,39,182,39
-106.392202,35.095074,"1",9.1,15.8,4.2,748.4,28.6,-8.3,36.9,18,12.9,18.9,-0.3,445,73,23,45,191,74,172,85
-109.598663,38.787353,"1",11.3,15.7,3.6,949.9,34.3,-9.1,43.4,18.2,-1,23.6,-1,245,28,12,21,78,50,61,50
-111.664753,35.543957,"1",9.4,16.1,4.3,754.7,29.5,-7.7,37.2,18.8,12.8,19.3,0,384,56,11,36,140,49,116,98
-109.477245,36.128318,"1",10.6,16.6,4,853.7,32,-8.7,40.7,21,14.6,21.8,-0.2,251,37,8,40,96,33,78,53
-105.571031,33.752901,"1",11.5,17.1,4.7,718.7,30.1,-6.2,36.3,19.9,3.3,20.9,2.4,355,75,10,73,193,40,181,45
-108.489482,37.272792,"1",7,14.9,3.8,809.6,27.6,-10.8,38.4,16.9,10.4,17.6,-3.1,501,56,18,25,153,78,126,125
-105.782067,39.550051,"1",-0.9,13.6,3.8,763.2,18,-17.3,35.3,-3,0.1,9.1,-10.2,671,69,41,16,194,140,182,155
-106.579309,32.339312,"1",11.5,15.8,4.6,673.1,28.9,-4.8,33.7,19.3,10.7,20.3,3.1,401,84,8,73,219,38,194,66
-106.279117,35.781303,"1",10.4,16,4.2,801.4,30.4,-7.6,38,20,0.3,20.8,0.3,344,62,15,51,157,51,143,51
-111.795054,34.876419,"1",14.1,16.6,4.5,721.9,33.8,-2.4,36.2,23.2,17.1,23.7,5.3,520,63,10,36,164,59,128,152
-111.371051,35.520165,"1",13.7,16.5,4,849.4,35,-5.3,40.3,23.9,17.8,24.7,2.8,229,39,6,44,95,27,76,49
-109.504906,38.742547,"1",12.1,16.1,3.6,952,35.3,-8.7,44,18.9,-0.4,24.3,-0.4,238,28,11,22,75,48,57,48
-112.2541098,36.30624841,"1",7.4,15.6,4.3,725.6,27.2,-8.6,35.8,-0.4,10.2,17,-1.3,446,56,14,32,141,61,118,129
-104.804167,36.813889,"1",7.5,17.6,4.4,768.6,27.3,-12.1,39.4,17.4,-2.4,17.4,-2.4,401,75,11,63,189,38,189,38
-109.03623,33.16543,"1",11.6,19.4,5.1,680.9,31,-6.4,37.4,20,14.6,20.6,3.2,478,85,12,58,223,42,184,111
-105.2515,35.936,"1",8.2,17.9,4.6,714,27.7,-10.5,38.2,16.8,-0.7,17.6,-0.7,428,86,13,68,214,42,213,42
-107.59999,33.38066,"1",9.8,18.9,5,683.9,28.7,-8.5,37.2,17.9,8.8,18.7,1.2,385,85,8,79,225,34,186,54
-103.81769,35.78689,"1",12.1,16.8,4.2,810.2,31.9,-7.5,39.4,22.6,1.7,22.6,1.7,395,77,8,71,198,27,198,27
-105.80181,35.22511,"1",9.4,17.4,4.4,769,29.6,-9.4,39,18.5,1.1,19.4,-0.5,378,74,16,61,188,51,173,51
-104.95381,34.87444,"1",12.3,17.6,4.5,756.8,32,-6.4,38.4,21.2,4.2,22.2,2.7,351,72,11,66,176,36,172,37
-105.79281,35.580835,"1",8.6,16.7,4.4,738.5,28,-9.6,37.6,17.4,-0.7,18.3,-0.7,437,82,20,58,212,63,196,63
-104.95381,34.87444,"1",12.3,17.6,4.5,756.8,32,-6.4,38.4,21.2,4.2,22.2,2.7,351,72,11,66,176,36,172,37
-107.59453,36.95717,"1",8.3,17.3,4,854,30.5,-12.1,42.6,14.8,12.3,19.3,-2.8,385,51,15,28,129,61,105,91
-106.87838,35.9949,"1",6.4,17.6,4.4,763.5,27,-12.6,39.6,15.6,9.9,16.3,-3.4,442,74,22,43,183,72,165,87
-105.317773,35.267407,"1",10.7,18.4,4.6,769,31.2,-8.8,40,19.8,1.9,20.8,0.9,328,69,10,69,171,33,163,34
-108.565106,34.117195,"1",6.7,19.7,5.1,681.5,26.5,-11.8,38.3,15.1,9.6,15.6,-1.8,425,87,14,66,218,45,183,76
-109.578903,38.770775,"1",11.5,15.8,3.6,948.5,34.5,-9,43.5,18.4,-0.9,23.7,-0.9,245,29,12,22,78,49,60,49
-104.842536,38.859092,"1",8.8,16.3,4.1,800.9,29.5,-9.7,39.2,19.5,-1.1,19.5,-1.1,416,71,9,61,190,33,190,33
-112.014725,35.597908,"1",9.8,16.2,4.4,733.5,29.7,-6.8,36.5,18.9,12.9,19.5,0.8,401,59,12,37,144,52,121,104
-109.735535,38.64629,"1",11.5,15.9,3.6,947.9,34.5,-9.1,43.6,18.4,-0.8,23.7,-0.8,239,28,11,23,77,49,59,49
-108.727732,39.103747,"1",10.4,15.1,3.5,934.5,32.8,-9.5,42.3,17.2,-1.7,22.5,-1.7,278,29,16,18,84,56,69,56
-108.260483,38.093692,"1",6.5,16.8,4,812.5,28,-13,41,16.4,10.2,17,-3.9,449,52,23,23,151,90,127,93
-108.317395,39.113403,"1",10.1,15.4,3.6,913.8,32.5,-10,42.5,16.8,-1.8,21.9,-1.8,297,32,18,18,90,59,71,59
-112.156119,36.072149,"1",7.8,16.2,4.4,721.5,27.8,-8.5,36.3,16.9,10.6,17.3,-0.9,411,55,14,32,133,57,115,112
-108.770626,39.122987,"1",10,14.6,3.4,926.5,32.3,-9.5,41.8,16.8,-1.9,22,-1.9,301,32,17,18,92,63,75,63
-108.951472,39.206422,"1",10.6,16.4,3.7,956.9,33.8,-10.5,44.3,17.5,-2,22.8,-2,245,27,14,19,75,49,60,49
-111.65792,35.157119,"1",7.9,16.5,4.5,712.7,27.6,-8.7,36.3,17,10.7,17.4,-0.8,554,74,12,38,192,63,155,156
-112.141871,36.059993,"1",7.8,16.2,4.4,721.5,27.8,-8.5,36.3,16.9,10.6,17.3,-0.9,411,55,14,32,133,57,115,112
-112.165694,36.071592,"1",7.8,16.2,4.4,721.5,27.8,-8.5,36.3,16.9,10.6,17.3,-0.9,411,55,14,32,133,57,115,112
-111.827614,34.84523,"1",15,17.1,4.6,731.8,35.1,-1.9,37,24.1,18,24.7,6.1,473,59,9,37,154,52,119,134
-111.754529,34.947804,"1",11.7,16.2,4.5,707.2,30.9,-4.4,35.3,20.6,14.6,21.1,3.1,584,72,12,37,185,66,149,174
-111.82381,34.806502,"1",15.5,17.4,4.6,741.7,35.9,-1.8,37.7,24.8,18.6,25.3,6.5,440,57,9,37,148,49,114,121
-111.829447,34.807926,"1",15.5,17.4,4.6,741.7,35.9,-1.8,37.7,24.8,18.6,25.3,6.5,440,57,9,37,148,49,114,121
-105.832305,32.944997,"1",10,14.3,4.5,635.9,26.1,-5.2,31.3,17.3,9.2,18.3,2,506,102,12,67,262,58,240,90
-108.048639,32.991394,"1",10.2,18.8,5.1,668.8,29.1,-7.3,36.4,18.3,13.4,19.1,1.9,451,93,10,72,243,44,207,82
-109.214016,36.294344,"1",8.9,15.2,3.9,821.9,29.3,-9.6,38.9,18.9,12.6,19.7,-1.5,311,45,9,39,117,39,94,70
-109.853981,38.103008,"1",10.9,15.5,3.6,917.6,33.3,-8.8,42.1,17.6,15.3,22.8,-0.9,254,30,10,25,85,45,66,57
-112.140111,36.054445,"1",7.8,16.2,4.4,721.5,27.8,-8.5,36.3,16.9,10.6,17.3,-0.9,411,55,14,32,133,57,115,112
-106.569444,32.337222,"1",11.5,15.8,4.6,673.1,28.9,-4.8,33.7,19.3,10.7,20.3,3.1,401,84,8,73,219,38,194,66
-103.97,36.782222,"1",8.5,16.2,4.3,759.2,27.6,-10,37.6,18.4,-1,18.4,-1,464,86,12,63,219,41,219,41
-112.107754,36.061728,"1",7.6,16.1,4.4,720.4,27.5,-8.7,36.2,16.7,10.5,17.1,-1.1,415,55,14,33,133,57,115,114
-105.956298,35.726247,"1",9,16.3,4.3,767.2,28.5,-9.2,37.7,18.1,-0.7,18.9,-0.7,402,75,19,56,191,58,177,58
-106.582222,32.303056,"1",11.8,15.8,4.6,677.1,29.2,-4.7,33.9,19.6,10.9,20.6,3.3,392,81,8,73,214,37,189,64
-112.095305,36.048642,"1",7.6,16.1,4.4,720.4,27.5,-8.7,36.2,16.7,10.5,17.1,-1.1,415,55,14,33,133,57,115,114
-112.105958,36.059578,"1",7.6,16.1,4.4,720.4,27.5,-8.7,36.2,16.7,10.5,17.1,-1.1,415,55,14,33,133,57,115,114
-108.118325,32.807922,"1",11.3,17.8,5,673.1,29.8,-5.7,35.5,19.3,10.1,20.2,3,432,90,9,72,234,41,200,79
-108.089911,32.813278,"1",11.3,17.8,5,673.1,29.8,-5.7,35.5,19.3,10.1,20.2,3,432,90,9,72,234,41,200,79
-108.089814,32.813392,"1",11.3,17.8,5,673.1,29.8,-5.7,35.5,19.3,10.1,20.2,3,432,90,9,72,234,41,200,79
-108.244133,32.897745,"1",9.8,18.1,5,662.5,28.3,-7.2,35.5,17.8,13,18.6,1.6,485,99,11,69,253,45,219,97
-108.244203,32.898175,"1",9.8,18.1,5,662.5,28.3,-7.2,35.5,17.8,13,18.6,1.6,485,99,11,69,253,45,219,97
-109.478177,37.624165,"1",10.6,15.3,3.7,894.5,32.8,-8.4,41.2,17.3,14.7,22.4,-0.8,306,36,10,27,99,46,74,81
-106.448478,35.165578,"1",7.9,15.5,4.3,724,26.9,-9.1,36,16.5,11.5,17.3,-1.2,505,83,26,45,216,82,195,99
-106.229111,35.811292,"1",10.2,15.9,4.1,798,30,-7.9,37.9,19.7,0.1,20.5,0.1,351,64,15,52,162,51,148,51
-109.456902,38.717648,"1",10.8,15.4,3.6,930.9,33.4,-9.2,42.6,17.7,-1.2,22.9,-1.2,273,31,13,21,85,57,67,57
-109.53163,38.684497,"1",11.4,15.7,3.6,939.8,34.3,-8.9,43.2,18.3,-0.7,23.6,-0.7,255,30,12,21,81,53,62,53
-104.799878,31.9138,"1",13.7,15,4.5,654.6,30,-2.8,32.8,22.1,9.6,22.1,5.2,193,42,2,86,108,8,108,14
-112.108612,35.8125,"1",9.3,16.4,4.4,733.9,29.4,-7.4,36.8,18.5,12.3,18.9,0.3,380,55,12,36,133,50,113,99
-113.20211,37.435615,"1",9.5,16.1,4.1,786.5,30.5,-7.9,38.4,1.2,12.7,20,-0.1,397,48,13,26,127,66,88,112
-109.984303,37.609684,"1",10,14,3.5,878.9,31.2,-8.1,39.3,16.7,14.1,21.6,-1.1,291,35,10,27,96,45,76,71
-106.086686,38.815813,"1",5.3,17.7,4.3,800.2,26.8,-14,40.8,15,-4.7,15.8,-4.7,280,50,9,52,125,33,119,33
-112.541406,37.146797,"1",10.7,17.4,4.3,788.8,32.4,-7.7,40.1,2.3,14,21.1,0.9,350,43,12,29,117,52,78,112
-110.541358,36.678047,"1",10.4,13.4,3.6,841.1,30.6,-6.6,37.2,20.7,14.2,21.5,-0.1,267,36,8,33,94,36,76,62
-105.686944,36.67,"1",6.8,18,4.2,839.3,28.2,-14.5,42.7,16.7,-4.4,17.4,-4.4,312,56,13,48,138,44,130,44
-111.782744,34.854638,"1",15.1,17.1,4.6,733.8,35.2,-1.9,37.1,24.2,18.1,24.8,6.1,476,58,9,37,153,52,117,136
-105.911365,35.69887,"1",8.1,16.2,4.3,738.4,27.3,-9.7,37,16.9,-1.2,17.7,-1.2,450,83,22,55,211,68,197,68
-106.294248,35.895753,"1",8.2,14.9,4,760.2,27.2,-9.3,36.5,17.2,-1.5,18.1,-1.5,445,78,23,47,196,74,180,74
-112.009577,37.02089,"1",11.9,16,4,829.2,33.4,-6.2,39.6,22.1,15.7,22.8,1.5,232,30,8,28,72,35,60,65
-105.28344,35.655365,"1",8.9,18,4.6,729.9,28.5,-10.1,38.6,17.6,-0.3,18.5,-0.3,414,86,11,71,214,38,209,38
-111.801845,37.429932,"1",9.7,16,4,809.4,30.9,-8.5,39.4,19.6,13.3,20.3,-0.5,250,36,9,30,85,39,70,63
-105.548438,36.376628,"1",7.7,18.1,4.2,823.9,28.8,-13.4,42.2,17.4,-3.2,18.2,-3.2,342,61,14,50,151,46,145,46
-112.051606,36.196164,"1",7.3,15.7,4.3,725.9,27.1,-8.8,35.9,-0.5,10.2,16.9,-1.5,425,54,13,33,132,57,113,121
-106.448904,35.210114,"1",4.9,15.1,4.4,669.8,23,-11,34,12.9,8,13.7,-3.4,644,106,33,45,271,103,248,132
-110.603914,40.237736,"1",6.2,16.1,3.7,897.3,28.7,-14,42.7,13.1,-3.5,17.7,-5.6,292,30,21,12,87,65,77,66
-106.275031,35.78339,"1",10.4,16,4.2,801.4,30.4,-7.6,38,20,0.3,20.8,0.3,344,62,15,51,157,51,143,51
-102.966684,36.95728,"1",12.3,16.9,4.1,838.4,32.8,-7.6,40.4,20.9,1.8,23.3,1.8,396,71,8,64,182,26,182,26
-102.971908,36.956494,"1",12.3,16.9,4.1,838.4,32.8,-7.6,40.4,20.9,1.8,23.3,1.8,396,71,8,64,182,26,182,26
-102.947806,36.951868,"1",12.6,17.1,4.1,848.2,33.3,-7.6,40.9,21.3,1.9,23.7,1.9,389,70,8,65,180,25,180,25
-103.968201,36.781384,"1",8.5,16.2,4.3,759.2,27.6,-10,37.6,18.4,-1,18.4,-1,464,86,12,63,219,41,219,41
-106.078545,35.6716,"1",10.3,16.3,4.3,803,30.2,-7.7,37.9,19.9,0.3,20.7,0.3,350,64,16,53,164,50,150,50
-112.184169,36.22587,"1",10.2,16.4,4.3,768.1,30.9,-6.9,37.8,19.8,13.4,20.3,0.8,327,44,11,32,106,46,91,88
-113.035777,37.671819,"1",7.7,16.7,4.2,789.2,29.2,-10.1,39.3,17.7,10.8,18.2,-2,383,44,15,23,111,72,95,94
-105.93435,35.716,"1",9,16.3,4.3,767.2,28.5,-9.2,37.7,18.1,-0.7,18.9,-0.7,402,75,19,56,191,58,177,58
-103.967948,36.78158,"1",8.5,16.2,4.3,759.2,27.6,-10,37.6,18.4,-1,18.4,-1,464,86,12,63,219,41,219,41
-106.3674,35.0324,"1",9.1,15.9,4.2,747,28.7,-8.3,37,18,12.9,18.9,-0.3,445,74,23,46,193,74,173,84
-115.585586,35.526059,"1",11.4,13.5,4,728.3,30.2,-3.5,33.7,3.7,13.9,21.2,2.8,312,41,6,41,110,36,77,106
-115.328283,35.2624,"1",12.6,12.8,3.9,724.8,31,-1.8,32.8,4.9,15.1,22.3,4,312,44,6,42,109,33,81,103
-108.347447,35.037235,"1",8.5,18.5,4.6,772.4,29.4,-10.8,40.2,17.9,12,18.5,-1.3,352,63,14,49,155,46,131,72
-105.891778,35.673303,"1",8.1,16.2,4.3,738.4,27.3,-9.7,37,16.9,-1.2,17.7,-1.2,450,83,22,55,211,68,197,68
-106.203828,36.400487,"1",6.5,16.8,4.2,778.7,26.9,-12.7,39.6,15.9,-3.5,16.6,-3.5,398,70,22,44,168,69,156,69
-105.889328,33.399197,"1",11.6,16.3,4.6,702,29.4,-5.6,35,19.8,10.9,20.8,2.8,392,79,11,68,206,49,187,61
-105.905092,32.957172,"1",12.7,15.8,4.6,684.2,30,-4,34,20.6,12,21.6,4.1,389,76,10,64,199,44,178,65
-103.976262,36.776523,"1",8.5,16.2,4.3,759.2,27.6,-10,37.6,18.4,-1,18.4,-1,464,86,12,63,219,41,219,41
-106.396885,35.085908,"1",9.1,15.8,4.2,748.4,28.6,-8.3,36.9,18,12.9,18.9,-0.3,445,73,23,45,191,74,172,85
-106.272179,35.780271,"1",10.4,16,4.2,801.4,30.4,-7.6,38,20,0.3,20.8,0.3,344,62,15,51,157,51,143,51
-104.499445,36.644999,"1",9.7,18.3,4.4,800.7,30.1,-10.8,40.9,20,-0.5,20,-0.5,355,74,7,77,187,22,187,22
-105.307997,35.301851,"1",10.3,18.5,4.6,762.5,30.6,-9.2,39.8,19.3,1.6,20.3,0.6,345,73,10,70,180,35,172,35
-112.254,36.831,"1",8.6,15.9,4.2,768.5,29.2,-8.5,37.7,0.3,11.7,18.7,-0.9,380,47,13,30,118,55,98,109
-111.987555,35.998592,"1",7,15.7,4.4,713.7,26.6,-9,35.6,16,9.9,16.5,-1.6,444,58,14,33,143,59,123,126
-112.735326,37.0344,"1",10.4,16.9,4.3,778.8,31.7,-7.5,39.2,2.1,13.6,20.7,0.8,372,43,12,28,121,55,87,113
-113.147507,36.402544,"1",8.8,15.3,4.3,725.3,28.6,-6.9,35.5,1,11.5,18.5,0.2,449,56,14,33,141,62,119,130
-112.183177,35.229804,"1",8,15.2,4.5,680.7,26.5,-7.2,33.7,16.6,10.6,17,-0.2,575,83,14,40,204,66,172,162
-106.289723,37.84569,"1",4.8,17.5,4.1,850.3,25.5,-16.6,42.1,14.7,-6.6,15.4,-6.6,259,45,10,49,115,34,104,34
-115.308748,35.263419,"1",12.6,12.8,3.9,724.8,31,-1.8,32.8,4.9,15.1,22.3,4,312,44,6,42,109,33,81,103
-111.453875,37.746425,"1",10.3,15.4,3.8,856.8,31.7,-8.6,40.3,20.7,14.3,21.5,-0.6,221,33,9,32,80,37,66,48
-111.490822,35.371243,"1",7.8,16.1,4.4,729.7,27.5,-9,36.5,16.9,10.9,17.4,-1.2,470,66,12,38,170,56,139,126
-111.781534,34.863619,"1",15.1,17.1,4.6,733.8,35.2,-1.9,37.1,24.2,18.1,24.8,6.1,476,58,9,37,153,52,117,136
-110.540774,36.686404,"1",10.4,13.4,3.6,841.1,30.6,-6.6,37.2,20.7,14.2,21.5,-0.1,267,36,8,33,94,36,76,62
-111.298753,38.298783,"1",9,15.6,3.8,861.7,30.5,-10.3,40.8,19.5,-2,20.3,-2,211,33,11,38,84,34,72,34
-112.093334,35.820043,"1",9.3,16.4,4.4,733.9,29.4,-7.4,36.8,18.5,12.3,18.9,0.3,380,55,12,36,133,50,113,99
-112.488604,36.459096,"1",9.1,16.1,4.3,750.6,29.6,-7.6,37.2,1.1,12.1,19.1,0,390,50,13,31,120,55,104,110
-107.870959,36.541877,"1",9.9,15.6,3.8,865.4,31.4,-9.2,40.6,20.3,14,21.1,-1.2,278,41,13,34,103,44,87,56
-105.893233,33.399247,"1",11.6,16.3,4.6,702,29.4,-5.6,35,19.8,10.9,20.8,2.8,392,79,11,68,206,49,187,61
-108.724817,39.075135,"1",9,14.4,3.5,902.8,31,-9.9,40.9,15.8,-2.5,20.8,-2.5,343,35,20,17,102,72,85,72
-108.724777,39.075226,"1",9,14.4,3.5,902.8,31,-9.9,40.9,15.8,-2.5,20.8,-2.5,343,35,20,17,102,72,85,72
-106.15697,38.871468,"1",4.9,17.7,4.3,806.2,26.5,-14.6,41.1,14.7,-5.2,15.4,-5.2,286,50,10,50,125,36,120,36
-111.549935,34.520812,"1",10.9,16.2,4.6,699.5,30,-5.2,35.2,19.7,13.7,20.2,2.4,652,88,12,41,221,64,179,195
-113.041411,37.690547,"1",7.7,16.7,4.2,789.2,29.2,-10.1,39.3,17.7,10.8,18.2,-2,383,44,15,23,111,72,95,94
-112.202556,35.356089,"1",9.3,15.6,4.4,700,28.3,-6.4,34.7,18.1,12.1,18.6,0.9,492,73,13,39,178,59,150,133
-104.783333,31.707778,"1",15.3,15.9,4.6,688.3,32.3,-2.2,34.5,24.1,11.2,24.1,6.3,196,39,3,82,102,9,102,16
-105.293312,38.402411,"1",8,17.6,4.3,782.3,28.8,-11.4,40.2,18.2,-1.9,18.2,-1.9,360,61,10,50,151,38,151,38
-108.703828,39.100903,"1",10.9,15.9,3.6,949.4,33.8,-9.8,43.6,17.8,-1.6,23.1,-1.6,239,25,14,19,73,47,59,47
-108.244207,32.897512,"1",9.8,18.1,5,662.5,28.3,-7.2,35.5,17.8,13,18.6,1.6,485,99,11,69,253,45,219,97
-104.569182,37.142418,"1",9.8,16.7,4.3,778.2,29.5,-9.1,38.6,20,0,20,0,374,65,11,57,168,36,168,36
-108.730718,39.097041,"1",10.4,15.1,3.5,934.5,32.8,-9.5,42.3,17.2,-1.7,22.5,-1.7,278,29,16,18,84,56,69,56
-113.421234,38.590868,"1",9.6,18.2,4.1,887.7,33.6,-10.6,44.2,20.7,-1.6,21.4,-1.6,216,26,11,27,70,34,60,34
-107.743349,38.209013,"1",6.9,18.2,4.2,834.3,29,-13.9,42.9,17,-3.9,17.6,-3.9,405,47,22,21,132,84,113,84
-109.606047,38.790047,"1",11.3,15.7,3.6,949.9,34.3,-9.1,43.4,18.2,-1,23.6,-1,245,28,12,21,78,50,61,50
-107.219709,39.470741,"1",5.3,17.8,4,870.8,28.3,-15.3,43.6,12,-4.2,16.5,-6,411,38,27,10,113,97,101,97
-109.606823,38.795781,"1",11.4,15.8,3.6,955,34.5,-9.2,43.7,18.3,-1.1,23.7,-1.1,243,28,12,21,77,49,60,49
-105.553405,36.372822,"1",6.8,17.9,4.3,788.7,27.4,-13.6,41,16.2,-3.5,16.9,-3.5,390,70,18,50,172,55,167,55
-109.601809,38.789064,"1",11.3,15.7,3.6,949.9,34.3,-9.1,43.4,18.2,-1,23.6,-1,245,28,12,21,78,50,61,50
-112.04911,35.359271,"1",8.4,15.5,4.4,695.1,27.4,-7.3,34.7,17.2,11.1,17.6,0,522,75,14,39,185,63,156,144
-104.841122,31.895515,"1",11.9,14.4,4.6,620.7,27.6,-3.6,31.2,19.9,7.8,19.9,3.9,284,55,5,81,155,19,155,26
-112.191523,35.237998,"1",8,15.2,4.5,680.7,26.5,-7.2,33.7,16.6,10.6,17,-0.2,575,83,14,40,204,66,172,162
-104.878406,38.871484,"1",8,16.6,4.2,789,28.7,-10.5,39.2,18.5,-1.7,18.5,-1.7,427,73,9,60,194,34,194,34
-112.147673,36.058908,"1",7.8,16.2,4.4,721.5,27.8,-8.5,36.3,16.9,10.6,17.3,-0.9,411,55,14,32,133,57,115,112
-111.743005,40.627487,"1",4.4,13.6,3.7,790.7,25.1,-11.4,36.5,-4.2,14.9,14.9,-5.1,813,96,35,32,271,114,114,265
-111.971626,36.233157,"1",5.9,14.8,4.2,707.3,25.1,-9.5,34.6,-1.8,8.6,15.3,-2.6,496,59,15,33,161,65,128,149
-114.171578,35.452238,"1",14,14,4,740.3,33,-1.3,34.3,23.4,16.7,23.8,5.1,256,37,5,41,87,27,71,76
-113.966133,35.13992,"1",15.1,14.8,4.2,740,34.2,-0.7,34.9,24.5,17.8,24.9,6.2,227,33,4,42,78,23,62,67
-112.137373,36.058723,"1",7.8,16.2,4.4,721.5,27.8,-8.5,36.3,16.9,10.6,17.3,-0.9,411,55,14,32,133,57,115,112
-111.197679,38.205617,"1",10.1,15,3.6,881.7,31.5,-9.3,40.8,20.8,-1.2,21.6,-1.2,206,32,10,37,81,34,68,34
-112.1339,36.051314,"1",7.8,16.2,4.4,721.5,27.8,-8.5,36.3,16.9,10.6,17.3,-0.9,411,55,14,32,133,57,115,112
-112.140026,36.056935,"1",7.8,16.2,4.4,721.5,27.8,-8.5,36.3,16.9,10.6,17.3,-0.9,411,55,14,32,133,57,115,112
-111.543267,35.525765,"1",10.4,16.1,4.2,773.3,30.7,-7.1,37.8,19.9,13.8,20.5,0.7,354,53,10,39,133,44,109,87
-112.082396,36.052289,"1",7.5,16,4.4,721.3,27.4,-8.7,36.1,16.6,10.4,17,-1.2,418,55,13,34,134,56,115,117
-112.157622,36.067417,"1",7.8,16.2,4.4,721.5,27.8,-8.5,36.3,16.9,10.6,17.3,-0.9,411,55,14,32,133,57,115,112
-112.136953,36.057239,"1",7.8,16.2,4.4,721.5,27.8,-8.5,36.3,16.9,10.6,17.3,-0.9,411,55,14,32,133,57,115,112
-112.10958,36.062025,"1",7.6,16.1,4.4,720.4,27.5,-8.7,36.2,16.7,10.5,17.1,-1.1,415,55,14,33,133,57,115,114
-109.315833,32.02933,"1",11.9,16.6,4.9,623.9,29.5,-3.9,33.4,19.2,15.1,20,4.1,544,115,9,67,272,45,236,123
-110.534317,36.680602,"1",10.4,13.4,3.6,841.1,30.6,-6.6,37.2,20.7,14.2,21.5,-0.1,267,36,8,33,94,36,76,62
-103.968884,36.780862,"1",8.5,16.2,4.3,759.2,27.6,-10,37.6,18.4,-1,18.4,-1,464,86,12,63,219,41,219,41
-109.478331,36.130933,"1",10.6,16.6,4,853.7,32,-8.7,40.7,21,14.6,21.8,-0.2,251,37,8,40,96,33,78,53
-104.377264,36.943564,"1",6.7,16.4,4.3,755.4,26,-12.1,38.1,16.6,-2.9,16.6,-2.9,491,86,16,57,223,54,223,54
-103.968097,36.781466,"1",8.5,16.2,4.3,759.2,27.6,-10,37.6,18.4,-1,18.4,-1,464,86,12,63,219,41,219,41
-103.970856,36.780802,"1",8.5,16.2,4.3,759.2,27.6,-10,37.6,18.4,-1,18.4,-1,464,86,12,63,219,41,219,41
-106.263236,35.777894,"1",10.4,16,4.2,801.4,30.4,-7.6,38,20,0.3,20.8,0.3,344,62,15,51,157,51,143,51
-110.730017,37.51782,"1",14.5,15.8,3.6,968.3,37.4,-6.2,43.6,21.4,19.6,27,1.9,126,16,5,30,46,23,34,25
-110.532964,36.689009,"1",10.4,13.4,3.6,841.1,30.6,-6.6,37.2,20.7,14.2,21.5,-0.1,267,36,8,33,94,36,76,62
-111.770255,34.807613,"1",15.1,17.1,4.6,732.4,35.2,-1.9,37.1,24.2,18.1,24.8,6.2,476,60,9,37,155,52,119,136
-109.849548,38.31707,"1",11,15.7,3.6,928.4,33.7,-9.1,42.8,17.8,15.6,23,-1,248,29,10,25,83,47,64,53
-111.741296,34.890788,"1",13.3,16.5,4.5,717.9,32.8,-3.2,36,22.2,16.2,22.8,4.5,550,66,11,36,172,62,136,163
-103.979907,36.778203,"1",8.5,16.2,4.3,759.2,27.6,-10,37.6,18.4,-1,18.4,-1,464,86,12,63,219,41,219,41
-107.760987,39.587447,"1",7.4,17.9,4,874.1,30.4,-13.5,43.9,13.9,-2,18.6,-4.1,378,37,25,11,106,85,91,85
-107.799515,38.671332,"1",7.7,16.9,3.9,862.6,29.8,-12.5,42.3,14.2,-3.6,18.8,-3.6,347,37,20,19,108,71,90,71
-106.221355,35.861182,"1",9.9,15.7,4.1,794,29.6,-8.1,37.7,19.3,-0.1,20.2,-0.1,358,65,16,52,164,52,150,52
-106.223677,35.86001,"1",9.9,15.7,4.1,794,29.6,-8.1,37.7,19.3,-0.1,20.2,-0.1,358,65,16,52,164,52,150,52
-105.887767,35.68966,"1",8.1,16.2,4.3,738.4,27.3,-9.7,37,16.9,-1.2,17.7,-1.2,450,83,22,55,211,68,197,68
-109.446387,32.147135,"1",14.3,17.4,5,661.6,32.5,-2.3,34.8,22.2,17.6,23,6.1,426,90,7,69,217,33,186,95
-105.365323,39.573842,"1",3.6,16.8,4.3,740.8,24,-14.2,38.2,13.4,-5.5,13.4,-5.5,476,67,17,41,180,60,180,60
-107.85,39.96666,"1",5.1,17.6,4.1,843.6,27.8,-14.8,42.6,3.9,-5.7,16,-5.7,450,43,31,10,125,101,111,101
-107.67472,35.27111,"1",6.7,16.6,4.4,745.9,26.4,-11.3,37.7,15.6,10.2,16.4,-2.8,414,74,18,50,186,57,159,82
-104.96555,39.74555,"1",10.1,15.3,3.8,835.9,30.8,-8.6,39.4,18.6,-0.1,21.3,-0.1,404,67,13,46,162,44,135,44
-111.83111,36.03194,"1",7.6,15.6,4.2,735.5,27.5,-8.8,36.3,16.8,10.7,17.3,-1.4,398,53,12,33,131,54,111,110
-106.398475,35.086831,"1",9.1,15.8,4.2,748.4,28.6,-8.3,36.9,18,12.9,18.9,-0.3,445,73,23,45,191,74,172,85
-110,40,"1",7.8,16.5,3.5,1023.5,31.8,-15.1,46.9,15.3,-6.2,20.6,-6.2,208,23,11,22,67,38,58,38
-105,39,"1",2,15.8,4.2,755,21.7,-15.8,37.5,11.9,-7.3,11.9,-7.3,551,90,15,52,236,59,236,59
-104.826976,31.898318,"1",13.7,15,4.5,654.6,30,-2.8,32.8,22.1,9.6,22.1,5.2,193,42,2,86,108,8,108,14
-112.115135,36.062699,"1",7.6,16.1,4.4,720.4,27.5,-8.7,36.2,16.7,10.5,17.1,-1.1,415,55,14,33,133,57,115,114
-111.98714,35.998637,"1",7,15.7,4.4,713.7,26.6,-9,35.6,16,9.9,16.5,-1.6,444,58,14,33,143,59,123,126
-111.816621,36.035896,"1",7.6,15.6,4.2,735.5,27.5,-8.8,36.3,16.8,10.7,17.3,-1.4,398,53,12,33,131,54,111,110
-104.9656,39.7456,"1",10.1,15.3,3.8,835.9,30.8,-8.6,39.4,18.6,-0.1,21.3,-0.1,404,67,13,46,162,44,135,44
-112.17,40.65,"1",5.7,13.2,3.5,814.2,26.9,-10.3,37.2,-0.3,16.6,16.6,-4.1,698,83,32,27,223,106,106,208
-114.1592,38.9124,"1",8.1,17.5,4.2,806.5,31.1,-10.3,41.4,6.1,-0.6,19,-1.6,319,35,19,18,96,63,79,64
-104.935,36.8831,"1",5.8,17.5,4.3,771.9,25.9,-14,39.9,15.7,-4.2,15.7,-4.2,430,75,15,55,191,50,191,50
-104.935,36.8831,"1",5.8,17.5,4.3,771.9,25.9,-14,39.9,15.7,-4.2,15.7,-4.2,430,75,15,55,191,50,191,50
-104.9656,39.7456,"1",10.1,15.3,3.8,835.9,30.8,-8.6,39.4,18.6,-0.1,21.3,-0.1,404,67,13,46,162,44,135,44
-109.1755,40.89433,"1",7.5,17.2,3.9,893.8,31.3,-12.5,43.8,11.8,-4,19.1,-4,239,29,9,29,79,36,62,36
-107.2224,39.420258,"1",6.1,17.9,4,881.3,29.4,-14.7,44.1,12.9,-3.4,17.4,-5.4,411,38,27,9,111,97,98,98
-109.73621,38.486344,"1",11.5,15.9,3.6,938.1,34.4,-8.9,43.3,18.3,16.2,23.6,-0.7,244,29,11,22,79,50,61,52
-105.835542,32.950923,"1",11.2,14.9,4.5,653.6,27.8,-4.6,32.4,18.7,10.5,19.7,3,458,90,11,64,234,53,213,80
-106.961225,40.295526,"1",3.9,17.2,4,874.3,26.6,-15.6,42.2,-5.8,-5.9,15,-7.5,492,46,36,6,128,119,122,123
-108.953888,38.702613,"1",10.4,15.4,3.6,900.2,32.3,-9.5,41.8,17,-1.3,22,-1.3,310,34,15,21,96,64,77,64
-104.698083,36.799667,"1",7,17.2,4.4,758.5,26.6,-12.2,38.8,16.8,-2.7,16.8,-2.7,431,80,13,64,205,42,205,42
-106.286252,35.097683,"1",9.5,16,4.2,762.3,29.3,-8.2,37.5,18.5,13.5,19.5,-0.1,418,69,22,47,182,73,164,75
-105.672675,36.679916,"1",6.8,18,4.2,839.3,28.2,-14.5,42.7,16.7,-4.4,17.4,-4.4,312,56,13,48,138,44,130,44
-112.1174,36.06628,"1",7.6,16.1,4.4,720.4,27.5,-8.7,36.2,16.7,10.5,17.1,-1.1,415,55,14,33,133,57,115,114
-112.1184,36.04881,"1",7.6,16.1,4.4,720.4,27.5,-8.7,36.2,16.7,10.5,17.1,-1.1,415,55,14,33,133,57,115,114
-112.128,36.05361,"1",7.8,16.2,4.4,721.5,27.8,-8.5,36.3,16.9,10.6,17.3,-0.9,411,55,14,32,133,57,115,112
-111.959953,36.039246,"1",10.7,16.5,4.3,778.9,31.4,-6.8,38.2,20.3,14.1,20.9,1,297,43,10,34,102,42,87,75
-105.923033,35.700168,"1",9.2,16.4,4.3,773.2,28.8,-9,37.8,18.4,-0.5,19.3,-0.5,395,74,19,57,189,58,175,58
-109.577636,38.71525,"1",11.8,16,3.6,951.9,35,-8.8,43.8,18.7,-0.6,24.1,-0.6,241,28,11,21,75,49,58,49
-105.562477,36.544949,"1",3.7,17.2,4.4,745.2,23.6,-15.4,39,12.7,-5.9,13.3,-5.9,511,84,28,42,206,86,200,86
-109.44504,38.43991,"1",10.6,15.5,3.6,910.5,33.1,-9.1,42.2,17.4,15.1,22.5,-1.1,288,33,12,21,91,57,71,63
-111.963528,36.170115,"1",5.8,14.8,4.3,702.4,24.9,-9.5,34.4,-1.9,8.5,15.1,-2.6,504,60,15,33,163,65,130,152
-107.891663,39.658084,"1",5.3,17.1,4,837.1,27.6,-14.4,42,4.2,-5.4,16.2,-5.4,446,43,29,11,124,100,107,100
-105.184717,40.768467,"1",7.6,15.4,3.9,805,28.5,-10.1,38.6,15.9,-2.2,18.4,-2.2,375,63,10,52,162,32,137,32
-108.15874,33.03598,"1",10.7,19.3,5.2,676.3,29.9,-7.1,37,18.9,13.9,19.6,2.3,437,88,10,70,232,42,195,81
-112.120556,36.055,"1",7.6,16.1,4.4,720.4,27.5,-8.7,36.2,16.7,10.5,17.1,-1.1,415,55,14,33,133,57,115,114
-108.15874,33.03598,"1",10.7,19.3,5.2,676.3,29.9,-7.1,37,18.9,13.9,19.6,2.3,437,88,10,70,232,42,195,81
-113.64,36.07,"1",12.6,15.3,4.2,754.4,32.6,-3.4,36,22.2,15.5,22.7,3.6,320,44,9,37,105,41,89,91
-113.56,36.37,"1",11.8,15.1,4.1,753.5,31.8,-4.2,36,3.8,14.7,21.9,2.8,358,46,10,34,113,48,94,103
-108.65,39.04,"1",10.1,14.6,3.5,918.9,32.2,-9.3,41.5,16.9,-1.7,22.1,-1.7,300,32,17,18,92,61,75,61
-111.66,39.19,"1",5.9,15.8,3.9,835.1,27.7,-12.5,40.2,12.5,9.4,16.9,-4.6,352,34,21,11,96,80,84,86
-112.3,38.09,"1",6,18.4,4.4,791.8,28.4,-13.2,41.6,15.9,9.3,16.4,-3.9,332,45,17,25,111,70,96,71
-111.98,40.44,"1",8.4,14,3.5,863.8,30.6,-8.7,39.3,7.1,19.9,19.9,-2.4,549,62,26,24,173,88,88,148
-105.7194,38.0325,"1",5.6,17.4,4.2,821.7,26.6,-14.8,41.4,15.3,-5.1,16.1,-5.1,285,52,9,54,129,32,122,32
-109.255975914878,37.1717021726036,"0",12.3,16.8,3.8,930.4,35.1,-8.3,43.4,19,16.9,24.3,0.2,229,29,6,29,76,33,51,58
-113.679708876652,40.9007560460651,"0",10.3,13.6,3.2,948.1,33.3,-8.4,41.7,14.7,-1.7,22.8,-1.7,177,26,10,30,64,30,49,30
-111.959351300939,37.7979225961774,"0",4.7,17,4.2,782.7,25.9,-14,39.9,14.4,7.9,14.9,-5.2,336,50,16,29,121,61,103,74
-108.098181875832,37.8805970211518,"0",0.9,16,4.2,727.6,20.4,-16.9,37.3,9.9,3.7,10.3,-8,764,82,35,20,230,137,197,194
-106.723119355825,33.9089657392599,"0",13.4,18.7,4.7,774.1,33.5,-6.1,39.6,22.4,8.9,23.4,3.5,260,54,9,69,137,28,115,35
-111.050197154293,39.9547621959986,"0",3.5,15.2,3.6,873.4,25.1,-16.1,41.2,-6.3,7.3,14.7,-7.9,435,41,27,10,120,93,99,119
-105.934481892984,32.4652637516271,"0",16.1,17.5,4.6,758.6,34.9,-2.7,37.6,24.7,11.6,25.8,6.4,264,52,6,66,138,23,122,39
-108.494157410142,35.1660431230417,"0",8.5,18.3,4.5,779.1,29.3,-10.8,40.1,18,12,18.6,-1.4,351,60,13,46,149,44,126,75
-114.835688069898,38.4608432418355,"0",8.4,18,4.3,801.8,31,-10.7,41.7,7,-0.7,19,-1.6,282,28,17,13,78,62,70,64
-115.38248782762,37.4319581784509,"0",11.1,16.3,4.2,776.8,32.2,-6.3,38.5,3,14.2,21.5,1.6,251,27,9,25,79,44,59,73
-110.840324661296,30.9645122229087,"0",17.9,18.1,5.2,621.8,35.4,1,34.4,25.5,20.5,25.9,10.3,504,124,6,82,282,31,244,112
-103.995244040994,38.6354073028554,"0",9.3,17.6,4,886.6,31.5,-11.7,43.2,20.9,-2,20.9,-2,325,65,6,71,162,21,162,21
-109.736470531181,37.7941804360609,"0",7.6,13.8,3.6,842.9,28.4,-9.8,38.2,18,11.3,18.8,-2.9,388,45,14,25,123,61,100,98
-115.753856821506,33.6851415863041,"0",19.6,15.8,4.4,728,39,3.2,35.8,12,22.2,29.2,10.7,147,23,1,47,50,10,37,50
-103.937347409702,39.8777071199663,"0",9.3,16.9,3.9,902.1,31.9,-11.4,43.3,18.5,-2.1,21.2,-2.1,371,67,7,65,180,25,159,25
-114.216272689778,37.5919893954391,"0",9.3,15.9,4.1,790.3,30.7,-7.9,38.6,0.9,12.4,19.9,-0.3,339,39,11,24,103,59,79,91
-102.704641794833,36.8204067146256,"0",12.5,17,4.1,846.6,33.1,-7.6,40.7,21.2,1.8,23.5,1.8,404,68,9,64,186,27,185,27
-101.35886723577,38.0210224629579,"0",11.8,16.4,3.7,942.9,33.8,-9.5,43.3,21.5,-0.3,24,-0.3,439,72,9,64,209,28,196,28
-114.005486011899,34.9901653169826,"0",16.3,14.8,4.2,752.1,35.5,0.3,35.2,25.9,19.1,26.3,7.3,218,31,4,41,73,21,58,67
-113.687060786368,36.9658444075556,"0",16.1,16.5,4,861.1,37.9,-2.5,40.4,7.4,20.1,27.5,5.4,228,30,5,34,83,31,46,72
-111.820210806551,36.5153655850581,"0",12.3,15.6,3.9,842.4,33.5,-5.8,39.3,22.5,16.2,23.3,1.7,201,28,8,30,67,31,58,52
-103.974553396324,40.8909322553609,"0",7.9,17.1,4,888.2,30.7,-12,42.7,17,-3.1,19.7,-3.1,380,66,5,71,196,21,175,21
-110.661274788618,32.8306707658972,"0",19.7,16.3,4.4,759.2,38.3,1.8,36.5,28.8,23.3,29.5,10.1,367,58,7,50,146,26,118,106
-106.439622594766,36.5720727405893,"0",4.8,17.3,4.3,774,25.4,-14.7,40.1,14.2,8.3,14.7,-5.2,489,76,28,34,183,88,167,104
-101.376204447028,38.2039489981275,"0",11.4,16.6,3.7,949.8,33.7,-10,43.7,21.3,-0.7,23.8,-0.7,436,71,9,63,208,28,194,28
-102.810139249981,35.7606819539037,"0",13.3,17.1,4.2,832.2,33.2,-7.1,40.3,24.1,2.6,24.1,2.6,411,70,9,65,197,29,197,29
-107.650991176839,40.1590374867752,"0",3.3,16.5,4,831.2,25.2,-15.5,40.7,1.8,11.6,14.1,-7.1,509,50,35,10,140,121,122,121
-105.830521115059,40.9520026151459,"0",2.1,14.8,4,765.4,22.6,-13.9,36.5,9.8,-7.1,12.2,-7.1,509,58,28,24,167,89,160,89
-110.018189456249,31.2678057153435,"0",13.7,15.6,4.8,604.6,30.9,-1.5,32.4,20.5,16.9,21.5,6.1,532,128,8,80,291,46,266,108
-102.949611634682,31.9748631579305,"0",17.4,16.4,4.4,760,35,-2.2,37.2,25.8,9.3,26.9,7.3,335,60,8,59,146,32,128,32
-108.957977580917,35.2315616593512,"0",9,17.8,4.5,783.3,29.6,-9.9,39.5,18.6,12.5,19.2,-0.9,330,56,11,48,140,38,118,68
-109.789956519712,33.5712844029921,"0",10.2,17.4,4.7,696.1,29.3,-7.1,36.4,18.7,13.2,19.3,1.5,548,93,14,52,238,51,200,133
-102.110423723078,34.7979128660697,"0",13.6,16.1,4.1,805.8,32.5,-6,38.5,23.9,3.1,23.9,3.1,470,84,11,62,217,37,217,37
-109.899642355784,38.9574381733254,"0",11.2,16.5,3.6,980.9,34.8,-10.4,45.2,18.2,-1.7,23.7,-1.7,211,25,11,24,70,41,54,41
-109.518668303414,37.8040149059498,"0",4.6,13.3,3.6,787.2,24.3,-11.8,36.1,14.4,7.7,15,-5.1,534,60,20,24,165,84,136,138
-116.929039954795,36.7961275627461,"0",14.4,15.6,3.9,832.8,35.5,-3.6,39.1,6,18.1,25.4,4.1,134,19,5,34,48,23,29,48
-104.989196612305,39.0095800056326,"0",2.1,15.8,4.2,755,21.8,-15.6,37.4,12,-7.2,12,-7.2,548,89,15,51,233,59,233,59
-114.031470233429,34.4198712603854,"0",20.4,15.8,4.2,791.4,40.2,2.9,37.3,12.2,23.6,30.8,10.7,188,26,2,45,65,14,44,63
-110.612525160215,38.9822009235626,"0",8.9,15.9,3.6,932.8,31.6,-11.7,43.3,20.1,-3.2,21,-3.2,219,29,13,29,79,40,67,40
-105.011042664305,32.2509843290956,"0",16.1,17,4.6,728.3,34.1,-2.5,36.6,24.3,11.9,25.4,6.7,249,47,5,72,129,18,115,26
-105.582551570248,36.4699092973376,"0",6.8,18,4.2,812.9,27.8,-14.1,41.9,16.5,-3.9,17.1,-3.9,358,64,16,50,157,50,152,50
-103.014689267501,37.3381404868582,"0",11.1,16.8,4.1,844.9,31.9,-8.8,40.7,19.8,0.4,22.1,0.4,399,70,9,61,184,30,176,30
-108.581609807096,32.8201191302813,"0",12.9,19.5,5.1,712,32.6,-5.5,38.1,21.6,16.3,22.3,4.1,394,75,8,65,197,32,163,87
-109.923860776774,34.1048029922487,"0",8.9,17.5,4.8,688.5,28.1,-8.3,36.4,17.4,11.9,17.9,0.3,601,89,15,44,232,57,190,157
-109.304429846883,30.7859738507564,"0",18.7,19.3,5,687.6,37.7,-0.4,38.1,26.6,18.1,27.2,9.9,339,95,4,88,196,22,173,70
-111.652309029583,40.4006776978052,"0",0.8,12.4,3.6,750.4,20.1,-13.9,34,-7.4,10.9,10.9,-7.8,907,110,42,31,309,140,140,301
-111.607193852834,34.7202368589703,"0",11.1,16.2,4.5,707,30.4,-5.1,35.5,20,14,20.5,2.5,611,80,11,40,203,64,163,180
-112.703244023424,39.7725251719605,"0",10.1,16,3.6,936.8,34,-9.7,43.7,9,22.5,22.5,-1.7,209,25,14,19,68,44,44,44
-115.571655431607,37.7396555447125,"0",9.3,16.2,4.2,766.1,30.3,-7.9,38.2,1.3,12.3,19.6,0,288,30,12,22,90,52,67,86
-106.118412372111,41.217370457226,"0",4.3,15.1,4,792.4,25.5,-11.9,37.4,12.4,-5.3,14.8,-5.3,399,45,20,24,131,69,124,69
-115.102476181504,39.6104773505647,"0",7.3,17,4.1,811.7,30,-11.2,41.2,5.9,-2.8,18,-2.8,278,32,18,15,84,62,65,62
-111.653226294967,42.3022094796965,"0",3.8,14.9,3.7,852.1,26.1,-13.6,39.7,2.3,14.3,14.8,-7,444,47,26,14,125,91,95,118
-115.140691299348,37.7110761300101,"0",12.4,17.6,4.2,816.5,34.6,-6.4,41,4,16,23.2,2.2,208,22,8,20,60,41,49,53
-115.477709697596,36.5847029817755,"0",16.3,16.8,4.2,813.7,37.6,-2,39.6,8.1,20,27.1,6.3,129,16,4,32,41,20,34,37
-112.164990988504,37.9951456913485,"0",2.9,16.5,4.2,756,23.7,-15,38.7,12.4,5.7,12.8,-6.5,450,58,21,24,144,84,125,109
-105.110121609949,32.1507890961971,"0",16.7,17.5,4.6,742.4,35,-2.4,37.4,25,12.4,26.1,7.1,237,45,5,71,122,18,108,25
-115.835953052475,39.9879264712689,"0",5.8,15.2,3.9,779.9,27.6,-10.7,38.3,3.7,15.9,16.3,-3.6,396,42,20,20,122,70,77,106
-107.885200021536,41.8349807471608,"0",5.3,15.2,3.6,933.8,28.8,-13.3,42.1,9.7,-6.7,17.5,-6.7,210,31,8,38,77,27,64,27
-106.925664622925,31.085505479101,"0",17.6,19.1,4.9,752.7,37.4,-1.5,38.9,26,17.3,27.1,7.9,208,47,5,83,127,18,102,26
-112.547597544011,41.0879558530056,"0",10.6,13.1,3.2,936.8,33.3,-7.6,40.9,9.7,22.2,23,-1.3,343,42,18,24,115,65,67,74
-106.621599020423,38.3824890990639,"0",2.3,18.4,4,905,24.5,-20.6,45.1,12.9,6.7,13.5,-9.9,379,51,24,27,134,75,122,87
-107.291102622695,40.9800694587344,"0",4.5,16.3,3.8,890.8,27.6,-14.5,42.1,3.5,-5.3,16.1,-6.9,385,39,25,12,108,83,97,83
-113.65469923616,41.8581972889121,"0",4.3,14.9,3.7,820.9,26.4,-13.2,39.6,7.3,10.9,15.2,-5.8,415,46,27,16,119,84,98,111
-115.206050284728,40.3486877753393,"0",7.1,16.2,4,806,29.5,-10.6,40.1,5.7,17.3,17.8,-2.9,345,38,16,23,107,56,65,95
-116.092212925967,36.7170856435784,"0",15.5,15.4,4,803,36,-1.8,37.8,5.7,19.1,26.1,5.7,151,22,4,40,55,22,36,55
-103.859372767676,41.5966725191447,"0",8.2,16.3,3.9,885.8,30.6,-11.1,41.7,17.4,-2.8,20.1,-2.8,397,72,10,61,194,32,157,32
-106.094900623962,35.2311201856017,"0",9.9,16.8,4.3,785.1,30.2,-8.5,38.7,19.2,-0.1,20.1,-0.1,365,65,16,53,169,53,154,53
-110.516523099256,37.0884223756195,"0",12,13.3,3.4,890.6,32.7,-6,38.7,22.8,16.3,23.7,0.7,206,27,7,31,72,30,58,47
-108.44665277836,42.4144028733953,"0",3.9,14.9,3.6,911.8,26.7,-14.6,41.3,8,-7.5,15.9,-7.5,285,42,16,30,104,54,72,54
-106.539498522918,37.5699711004722,"0",1.5,16,4.2,767.5,20.8,-17.2,38,10.8,4.8,11.4,-8.2,662,78,33,23,207,114,180,159
-105.471983142355,41.8156143356845,"0",4.9,14.7,3.9,798.8,26.2,-11.3,37.5,13,-4.9,15.6,-4.9,362,58,13,47,154,40,129,40
-104.459192693399,37.1387397455301,"0",9.1,16.5,4.3,771.4,28.6,-9.6,38.2,19.2,-0.6,19.2,-0.6,406,70,12,56,181,42,181,42
-105.922838922908,40.8573193531619,"0",2.9,15.6,4,786.6,24.1,-14,38.1,10.9,-6.8,13.2,-6.8,518,57,29,21,166,94,158,94
-103.289693071272,40.3609528651749,"0",9.5,16.1,3.7,931.3,32,-11.2,43.2,19,-2.3,21.7,-2.3,394,76,7,73,209,23,179,23
-107.975008592952,41.8785704716809,"0",5.2,15.2,3.6,934.9,28.7,-13.5,42.2,9.6,-6.8,17.4,-6.8,211,32,8,39,78,27,64,27
-103.805290232277,33.2196987740974,"0",14.3,17.7,4.5,760.7,33,-5.5,38.5,22.9,6.2,24,4.4,383,69,10,68,189,33,179,33
-109.649846343638,38.5915460729315,"0",12,16.1,3.6,949,35.1,-8.6,43.7,18.8,-0.4,24.2,-0.4,237,28,11,22,75,48,58,48
-113.907451054119,40.150249928107,"0",7,17.3,4,831,30.4,-12,42.4,5.6,-2.4,18,-3.4,288,34,18,18,90,57,72,58
-106.229010180196,32.3562837451584,"0",16.2,17.7,4.6,766.3,35.2,-2.8,38,25,11.7,26,6.4,248,51,5,71,133,21,117,37
-112.063904685554,42.2691697125921,"0",5,14.9,3.7,860,27.7,-12.4,40.1,3.8,15.7,16.1,-6,450,49,25,17,132,85,92,122
-112.971575466775,34.4976186951334,"0",15.4,18.4,4.8,716,35.6,-2,37.6,24.7,18,24.9,6.9,381,59,6,45,135,32,107,113
-112.288018827091,41.6449788816237,"0",9.1,14.9,3.4,936,32.7,-9.9,42.6,8.4,20.5,21.2,-3.1,397,47,19,21,124,72,76,96
-109.994601774111,34.1349365928386,"0",9.4,17.7,4.7,698.1,28.8,-8.1,36.9,18.1,12.4,18.5,0.7,549,86,14,46,220,53,180,137
-106.40677697185,41.3832323186677,"0",0.4,13,3.8,747.9,19.9,-13.9,33.8,3,-8.4,10.3,-8.4,553,56,36,14,163,117,151,117
-108.294302906242,39.0460294915273,"0",9.6,15.3,3.6,900.2,31.8,-10.1,41.9,16.3,-2,21.3,-2,312,33,18,18,95,62,75,62
-113.842211997397,35.2607887670565,"0",15.7,15.5,4.2,755.4,35.4,-0.7,36.1,25.3,18.6,25.7,6.6,171,27,3,43,64,17,50,46
-114.770516597172,39.2004703501828,"0",6.4,17.7,4.2,794.9,29.1,-12.3,41.4,4.8,-2.4,17,-3.4,301,31,21,13,88,63,75,64
-115.483905953223,34.8998679268561,"0",18.6,12.9,3.7,773.4,37.4,3.1,34.3,28.3,21.7,28.9,9.2,176,29,2,47,61,16,49,56
-107.484810660484,38.2302706147642,"0",-0.3,16.7,4.2,782,19.6,-20,39.6,9.2,2.9,9.7,-10.1,693,75,35,19,208,132,182,172
-104.948215784307,39.1381658735737,"0",4.5,16.9,4.3,759.6,24.9,-13.9,38.8,14.5,-4.9,14.5,-4.9,488,80,11,55,212,44,212,44
-113.736741208099,41.2272471261115,"0",9.7,14.4,3.4,931.7,33.1,-9.1,42.2,14,-2.1,22,-2.1,196,28,11,28,70,35,55,35
-114.964869530594,34.1905484966542,"0",22.8,14.2,3.9,801.6,42,5.8,36.2,32.8,26.4,33.3,12.9,96,15,1,43,33,7,25,32
-111.006295082606,39.3350669804632,"0",7.6,15.7,3.6,912.8,30,-12.6,42.6,18.6,-3,19.4,-4.3,256,30,17,19,82,55,72,56
-110.490287975972,37.7254648571191,"0",13.1,15.9,3.6,956.2,35.9,-7.5,43.4,20,18.1,25.5,0.7,160,21,6,30,58,28,44,33
-108.368518057664,38.6020124030171,"0",6.9,15.6,3.8,835.8,28.3,-12,40.3,17.1,-3.7,17.8,-3.7,421,45,22,19,129,88,109,88
-111.451967050095,33.1088653354515,"0",20.9,17.7,4.6,768.9,40.5,2.6,37.9,30.5,24.2,30.8,11.4,414,52,13,35,129,48,109,126
-101.957201324501,37.4262290264225,"0",12.2,17.1,3.9,923.4,34.1,-9.3,43.4,21.8,0.4,24.2,0.4,400,66,7,66,192,23,180,23
-106.247934315891,39.4891169464398,"0",-1.7,13.1,3.7,767.5,16.9,-17.9,34.8,-4.1,-0.5,8.4,-10.9,664,65,41,15,182,141,173,168
-103.7067448026,31.622057846518,"0",18.1,18,4.7,757.5,36.5,-1.7,38.2,26.5,10.1,27.7,8.3,290,56,8,61,135,29,116,32
-116.908343897355,36.6036879657406,"0",22.4,16.3,3.8,926.8,44.3,1.8,42.5,13.3,27,34.4,10.7,62,11,2,45,28,9,10,25
-114.246635694349,35.477225789585,"0",14.6,13.9,4,750.3,33.6,-0.8,34.4,24.1,17.4,24.5,5.5,237,34,5,41,79,26,65,71
-113.168324123695,38.2466275641286,"0",9.8,17.8,4.1,875.9,33.2,-9.9,43.1,20.7,-1.3,21.3,-1.3,249,29,12,24,76,48,64,48
-112.20720655274,33.1090873666827,"0",20.8,17.4,4.5,775.6,40.4,2.3,38.1,30.4,24.3,30.9,11.2,208,35,3,49,80,14,65,62
-106.274885035126,35.2240366546676,"0",10.3,16.2,4.2,783.6,30.4,-7.7,38.1,19.6,0.4,20.6,0.4,366,62,18,48,162,60,146,60
-104.666295010707,33.3718092495567,"0",15.4,17.5,4.5,783.9,34.2,-4.4,38.6,24.3,7.2,25.5,5.3,314,59,9,64,156,30,144,33
-111.502692251704,37.5664079007595,"0",9.1,15.1,3.8,828,30.1,-9.1,39.2,19.3,12.9,20,-1.3,248,37,10,32,89,39,74,58
-104.893613376304,36.4017536570055,"0",9.1,18.5,4.6,754.6,29,-10.4,39.4,18.8,-0.5,18.8,-0.5,393,76,9,68,192,30,192,30
-113.169016580058,40.4340759629703,"0",10.8,14.1,3.3,950.2,33.9,-8.2,42.1,15,-1.2,23.4,-1.2,194,25,12,23,66,38,47,38
-108.362852758878,36.5981841745638,"0",10.7,16.5,3.9,876,32.5,-8.8,41.3,17.3,15,22.1,-0.6,236,34,9,38,88,36,72,50
-111.441257364811,41.5423448133343,"0",1.6,14.5,3.8,804.3,22.9,-14.9,37.8,-6.8,12.2,12.2,-8.2,557,56,32,17,162,106,106,159
-111.017726859163,32.8421366486343,"0",18.8,15,4.4,712.6,36.4,2.5,33.9,27.4,22,28,10,465,73,8,49,175,34,142,140
-114.023049536611,35.8094117851873,"0",12.3,14.5,4.1,735.4,31.7,-3,34.7,21.6,15,22.1,3.5,316,44,8,38,104,39,88,91
-103.914153180167,35.8669261787782,"0",11.4,16.6,4.2,803.6,31.1,-7.8,38.9,21.8,1.1,21.8,1.1,404,78,8,71,203,28,203,28
-107.899949403749,38.181736332476,"0",3.1,17.5,4.3,771.9,23.9,-16.3,40.2,12.6,6.4,13.1,-6.6,596,66,30,19,187,122,160,135
-113.663525353374,36.4134154547285,"0",10.8,15,4.2,741.9,30.6,-5,35.6,2.8,13.5,20.7,1.9,388,48,11,33,124,53,100,113
-113.289843037442,34.2755747911423,"0",18.2,18.3,4.7,750.4,38.7,0.1,38.6,27.8,21,28.1,9.1,278,42,3,45,96,20,72,85
-107.905621070499,32.8816143633221,"0",10,18,5,661.6,28.5,-7.1,35.6,17.9,9,18.8,1.8,453,95,9,75,249,42,212,79
-109.372950056647,31.3324429496233,"0",16.4,19,5,680,35.2,-2.2,37.4,24.4,20.2,25.1,7.8,328,86,5,85,191,24,167,61
-116.045659321717,35.2521152456568,"0",21.6,15.8,3.9,842.1,42.3,2.7,39.6,32,25.5,32.6,11.1,65,10,1,44,24,6,19,21
-106.966505713917,39.9884611267822,"0",1.4,15.7,4,807.1,22.2,-16.5,38.7,11.4,2.6,11.9,-8.6,510,49,36,10,139,121,134,123
-110.336871044062,35.7414060938209,"0",10.9,16.9,4.1,830.3,32.2,-8.1,40.3,21.1,14.6,21.7,0.4,246,38,7,40,96,31,77,55
-109.581899628712,37.0447097824516,"0",12.2,16.3,3.8,915.7,34.5,-7.8,42.3,18.8,16.7,24,0.3,215,27,6,31,73,30,52,54
-106.720927773326,34.4823159708478,"0",12.9,19.4,4.6,802.3,34,-7.5,41.5,22.3,4.6,23.2,2.5,228,46,9,61,114,28,96,32
-104.18935188343,39.259851428971,"0",8.1,16.5,4,841.1,29.6,-11.2,40.8,16.7,-2.3,19.3,-2.3,388,67,8,67,186,25,182,25
-115.703825823469,34.261876393436,"0",21.2,15,4.1,775.2,40.7,4.2,36.5,30.8,24.5,31.4,11.6,106,19,1,51,42,8,32,31
-114.900676710423,37.5764895897591,"0",11.7,17.2,4.2,802.6,33.6,-6.6,40.2,3.4,15.1,22.3,1.7,243,27,8,23,73,44,57,64
-112.583038530069,36.3686377876917,"0",11.6,16.6,4.3,775.8,32.5,-5.7,38.2,21.2,14.8,21.8,2,323,44,11,33,105,45,90,88
-106.467493990225,39.7943339061513,"0",-0.2,14.7,3.9,784.4,19.6,-17.5,37.1,9.5,1,10,-9.8,572,55,37,12,153,127,148,145
-111.214207297449,32.4197589002468,"0",20.7,17.6,4.7,738.3,39.4,2.4,37,29.8,24.1,30.3,11.5,313,55,6,55,138,24,113,80
-110.21066257472,33.7266626941151,"0",13.9,17.3,4.6,720.7,33.3,-3.8,37.1,22.8,17,23.2,4.9,448,78,11,49,182,40,152,116
-103.440156947534,33.8006432539768,"0",14,17.2,4.5,766.9,32.6,-5.6,38.2,23.8,4,23.8,4,411,73,10,66,199,33,199,33
-109.201233320132,35.127313861801,"0",10,17.6,4.4,792.2,30.7,-8.9,39.6,19.7,13.6,20.3,0,294,52,10,52,130,34,108,56
-109.648039903549,31.8885236599501,"0",16.1,17.8,5,675.8,34.4,-1.2,35.6,24.1,19.5,24.8,7.6,341,81,5,81,192,24,167,66
-106.551108299983,33.6889013377664,"0",14.2,18.5,4.6,783.2,34.1,-5.4,39.5,23.3,9.7,24.3,4.1,254,51,8,65,131,27,112,35
-110.499165594093,37.5872130950857,"0",13.3,15.5,3.6,950.7,35.8,-7.1,42.9,20.1,18.1,25.6,1,157,20,6,30,57,26,43,33
-115.847598370738,39.5439467256868,"0",5.2,15.3,4,765.3,26.7,-11.3,38,3.1,15.2,15.5,-3.9,379,40,24,15,116,79,82,95
-105.488512255028,31.1716357584915,"0",15,17.3,4.7,715.9,32.9,-3.5,36.4,23,10.7,24.1,5.7,277,56,5,77,157,20,138,29
-111.523434476881,32.9379449206307,"0",21,18.6,4.7,775.1,41,2,39,30.6,24.4,31,11.3,317,47,9,42,112,31,93,91
-109.803431361932,32.2720065438569,"0",15.8,18.9,5,705.5,35,-2.3,37.3,24.4,19.2,25,7,320,70,6,75,171,23,146,69
-109.113769023046,40.4687359251667,"0",5.1,15.3,3.7,882.5,27.6,-13.6,41.2,3.7,-6,16.7,-6,339,34,19,18,98,62,88,62
-101.298978319347,36.6374018009646,"0",13.7,16.3,3.9,892.3,34.6,-6.8,41.4,22.9,2.3,25.3,2.3,462,74,10,60,214,35,200,35
-111.574591533895,40.7734980063565,"0",5.5,15.5,3.9,812.8,27.6,-11.8,39.4,-3.4,16.2,16.2,-4.6,619,65,29,25,188,96,96,185
-104.938642199484,33.6863850701032,"0",14.6,18.2,4.7,757,33.8,-4.9,38.7,23.3,6.6,24.4,4.9,310,63,9,69,159,29,148,31
-112.753482179283,39.4847574645766,"0",10.2,16.9,3.7,946.4,34.6,-10.1,44.7,9.4,22.6,22.6,-1.9,186,24,12,24,64,37,37,39
-110.949623357009,41.4718904494678,"0",3.2,16.3,3.9,869.1,26.2,-15.3,41.5,7.3,-7.8,14.5,-7.8,306,34,19,17,92,61,77,61
-105.708187567604,30.2084698923759,"0",16.3,16.7,4.7,687.5,33.4,-1.5,34.9,23.8,12,24.8,7.2,257,67,3,101,173,12,145,17
-106.776832075707,35.5077141747717,"0",12.3,17.2,4.3,825,33.3,-6.7,40,22.1,1.9,23.1,1.9,259,47,12,49,115,40,102,40
-106.502700416317,38.0753909752158,"0",2.3,17.5,4.1,856.8,23.3,-19.1,42.4,12.5,6.5,13.1,-9,405,57,24,30,148,79,133,83
-106.961236391039,37.3930565059527,"0",2.7,18.1,4.3,802,23.7,-17.9,41.6,12.4,6.3,12.9,-7.7,578,74,26,26,192,96,162,133
-103.350305265003,32.983064717326,"0",14.9,17.4,4.5,754.4,33.2,-4.8,38,23.4,6.8,24.4,5,403,67,9,65,190,34,180,34
-104.044718156617,35.6030419846212,"0",12.9,17.2,4.3,821.2,32.6,-7.4,40,23.5,2.3,23.5,2.3,372,71,8,68,187,27,187,27
-105.562026206078,34.1160601384321,"0",11.1,17.1,4.6,740.6,30.4,-6.7,37.1,19.8,2.6,20.7,1.7,357,75,12,70,188,43,177,46
-115.442526542432,35.1964540164453,"0",14.6,12.7,3.8,743,33.1,-0.1,33.2,6.7,17.3,24.5,5.7,261,39,5,44,90,27,70,85
-116.005722171145,39.2370570378636,"0",8.3,16.5,4.1,796.6,30.5,-9.4,39.9,6.8,-0.6,18.9,-1.5,255,28,18,15,80,55,61,55
-108.573856301743,37.5670136119798,"0",7.4,15.7,3.9,829.3,28.8,-11.3,40.1,13.9,11,18.3,-3.1,458,50,16,24,142,76,111,108
-114.579886188322,33.9959310541311,"0",22.4,15.5,4.1,799.5,41.9,4.6,37.3,12.4,25.9,32.7,12.4,104,17,1,53,37,6,26,37
-105.902725100338,36.3142491965431,"0",8.1,17.3,4.2,801.9,28.8,-11.8,40.6,17.7,-2.3,18.4,-2.3,336,61,15,49,150,48,140,48
-117.353658554416,36.5738173099485,"0",15.9,16,4,840.7,37.2,-2.6,39.8,7.4,19.7,26.9,5.4,120,19,4,42,48,17,22,48
-107.189505724468,39.1285872786183,"0",-1.3,14.9,3.9,780.9,18.2,-19.4,37.6,8.4,1.7,8.8,-10.8,636,66,36,15,174,134,159,165
-110.008246720564,38.9693632788611,"0",11.3,17.3,3.7,992.4,35.5,-11.1,46.6,18.4,-1.8,23.9,-1.8,191,23,10,26,65,35,50,35
-109.359013505213,36.9547482079045,"0",11.3,16,3.8,894.3,33.2,-8.3,41.5,17.9,15.6,22.9,-0.2,250,30,7,31,85,35,63,61
-111.239769386659,42.0386654007628,"0",3.1,16,3.8,885.1,26.1,-15.6,41.7,7.2,-6.9,14.5,-8.3,358,38,24,13,104,84,84,84
-110.244882260943,37.2548076718428,"0",13.3,14.6,3.5,931.7,35.1,-6.2,41.3,20.1,17.9,25.4,1.3,174,22,6,31,62,27,47,39
-110.991322352023,39.8133474076161,"0",3.6,14.8,3.6,877.3,25.1,-15.8,40.9,10.5,7.4,14.9,-7.7,407,40,26,10,112,88,99,106
-108.184857882681,38.8983816060701,"0",3.7,15.4,3.9,800.2,24.4,-14.6,39,2,7.1,14.2,-6.2,579,63,29,16,155,121,133,141
-114.836679673299,36.7477884188298,"0",17.3,15.6,3.9,849.9,38.6,-0.9,39.5,8.6,21.2,28.5,6.8,141,17,4,31,45,20,34,39
-107.226254690289,40.1349800745247,"0",2,15.7,4,810.5,22.9,-15.9,38.8,0.2,5.4,12.5,-8.1,537,52,38,9,143,129,133,132
-113.52336592906,33.4433763880474,"0",21.4,15.7,4.3,751.6,40.3,4.2,36.1,30.8,24.4,31.2,12.1,181,29,1,50,70,9,48,55
-109.417486401408,32.7389163796887,"0",16.7,19.4,4.9,754.3,36.5,-2.5,39,25.8,20.4,26.5,7.2,295,55,6,63,143,22,117,69
-107.557549423382,39.1063307893298,"0",2.2,16.5,4,812.1,23.1,-17.5,40.6,12.2,-8,12.7,-8,453,48,28,16,136,99,122,99
-111.28308865434,34.4984597590422,"0",8.3,15.3,4.4,695.6,26.9,-7.6,34.5,17,11,17.6,-0.2,671,95,12,43,242,64,197,192
-104.434609567182,30.0336734869305,"0",15.7,16.1,4.8,631.5,31.8,-1.7,33.5,22.4,8.6,23.4,7.2,341,70,6,85,200,22,183,25
-116.363546370728,34.1813572713477,"0",17,16.7,4.6,700,37.1,1,36.1,9.7,23.7,26.2,8.6,237,34,1,51,97,22,35,97
-109.432941318189,32.9793925268473,"0",14.5,19,5,721.5,34.2,-3.8,38,23.3,17.9,24,5.5,391,70,9,59,183,32,151,94
-110.189568881722,32.9404170730546,"0",16.1,16.6,4.6,731.4,34.8,-1.2,36,24.9,19.6,25.6,6.9,387,69,7,56,171,29,143,101
-113.056758631872,35.9557978575675,"0",9.4,15.9,4.4,712.6,29.3,-6.3,35.6,18.5,12.1,19,0.9,420,60,13,37,144,54,125,115
-106.308682003972,31.3100485920296,"0",15.9,17.8,4.7,738.5,34.8,-2.4,37.2,24.3,15.6,25.4,6.5,259,56,4,78,149,21,127,35
-103.286871804615,38.8474767203181,"0",9.6,17.6,3.9,924.1,32.3,-11.8,44.1,19.1,-2.1,21.7,-2.1,351,66,7,68,173,23,163,23
-109.223756219024,39.3896241831149,"0",7.4,14.6,3.5,918,29.6,-11.9,41.5,14.4,-4.4,19.4,-4.4,344,35,21,16,102,71,87,71
-105.187073576889,39.8362862399791,"0",9.1,15.5,4,787.8,29.4,-8.9,38.3,17.1,-0.5,19.6,-0.5,428,67,13,43,165,46,140,46
-114.796196696691,36.8434621521414,"0",15.6,15.9,4,827,36.8,-2.3,39.1,7.1,19.2,26.5,5.4,176,21,5,29,56,27,42,48
-108.204598375414,36.0735100301984,"0",10.6,17.7,4.2,862.1,32.4,-9.5,41.9,20.9,14.8,21.7,-0.5,217,36,10,45,92,33,77,38
-115.530534086529,36.8688163697266,"0",13.9,16,4.2,784.5,34.6,-3.4,38,5.8,17.2,24.3,4.3,186,21,5,32,61,29,46,57
-112.090042482471,39.7491961253398,"0",8.2,15.6,3.7,863.4,31,-10.1,41.1,6.7,19.6,19.6,-2.6,399,43,23,16,119,77,77,103
-102.341158676368,36.4822200407625,"0",12.7,16.5,4,851.8,33,-7.3,40.3,21.5,1.9,23.8,1.9,429,67,10,61,192,32,192,32
-111.08131894553,41.9371199606545,"0",2.9,17,3.9,907.3,26.7,-16.8,43.5,7.4,-7.2,14.6,-8.9,310,34,19,18,95,64,79,64
-111.464252289019,41.2828552301726,"0",3.2,15.2,3.9,809.4,25,-13.8,38.8,1.6,13.9,13.9,-6.8,544,55,28,19,158,96,96,152
-111.122365256095,35.4593299277395,"0",13.8,17,4.1,860.5,35.3,-5.6,40.9,24.2,17.9,24.9,2.8,209,35,6,44,87,26,69,44
-106.171195369279,35.8008030917059,"0",11,16.9,4.3,816.4,31.5,-7.8,39.3,20.7,0.6,21.6,0.6,306,56,13,52,141,43,128,43
-104.797323328162,33.6365758645434,"0",14.8,18.2,4.6,769.9,34,-4.9,38.9,23.7,6.7,24.8,5,310,62,9,68,157,29,147,31
-111.644512385256,32.2968645765836,"0",20.5,17.9,4.8,733.3,39.4,2.2,37.2,29.6,23.8,30,11.4,286,56,5,63,135,19,110,71
-109.23665489186,39.3508755392581,"0",8.1,14.7,3.5,930.9,30.4,-11.6,42,15,-4,20.1,-4,326,34,20,16,98,68,82,68
-106.708477990197,37.367798823556,"0",0.6,15.2,4.2,719.6,19.1,-16.6,35.7,9.5,3.5,10,-8.2,875,95,39,23,252,142,216,230
-117.217709782979,34.8550303236759,"0",17.5,16.3,4.3,749.1,37.9,0.5,37.4,9.8,24.6,27.3,8.3,99,16,1,52,44,8,12,43
-109.885133670662,31.6893145399149,"0",16,16.3,4.8,643.4,33.5,0,33.5,23.5,19.3,24.3,8,373,94,5,88,219,29,198,65
-104.952708191723,32.4425351941678,"0",13.6,15.8,4.6,664.6,30.2,-3.6,33.8,21.1,9.4,22.1,5,299,58,7,75,159,24,147,30
-103.170985287181,31.5326104290435,"0",18.1,17.7,4.5,779.3,36.4,-2.2,38.6,26.8,9.9,27.9,7.9,289,54,8,57,126,29,107,31
-105.357397584004,30.7020188043663,"0",16,16.9,4.6,716.6,33.5,-2.5,36,23.9,11.7,25,6.5,270,61,5,88,164,16,141,23
-111.290190338899,37.9190916081253,"0",9.3,14.5,3.6,851.9,30,-9.3,39.3,19.7,13.1,20.4,-1.5,242,36,11,32,90,43,75,48
-116.380984231634,34.1387570868137,"0",16.4,16.6,4.6,686.4,36.4,0.7,35.7,9.3,23,25.5,8.2,271,40,1,54,115,23,35,114
-103.455126963773,38.3888341029261,"0",10.7,18.1,4,940,33.6,-11.5,45.1,20.5,-1.3,23,-1.3,311,62,7,69,150,21,144,21
-112.97155346546,35.6480535403846,"0",9.4,16.6,4.6,704.5,29.3,-6.4,35.7,18.4,12.1,18.9,1,418,64,13,41,152,52,132,112
-107.330333199924,34.5145861373982,"0",10.7,18.2,4.6,755.9,30.7,-8.3,39,19.6,5.9,20.5,1.1,288,62,10,70,157,35,131,40
-110.809740994839,34.8985916050844,"0",11.9,17.2,4.3,807.7,32.7,-6.8,39.5,21.9,15.5,22.5,1.7,309,52,8,48,131,34,106,69
-109.618163916868,31.3176508950866,"0",16.7,18.8,5,675.8,35.3,-1.7,37,24.7,20.3,25.4,8.2,323,89,5,94,195,24,175,55
-113.993492453576,34.7111406959639,"0",18.1,15.6,4.2,768.2,37.7,1.3,36.4,10.1,21,28.3,8.8,218,30,3,43,74,18,54,70
-110.288740795657,37.8150872983685,"0",12.2,15.6,3.6,939.6,34.7,-8,42.7,19,16.9,24.3,0,192,24,7,28,67,33,52,41
-109.92021762489,39.8182250545935,"0",8.4,16.7,3.5,1026.3,32.6,-14.5,47.1,15.9,-5.5,21.3,-5.5,213,24,12,22,69,39,57,39
-110.063540916294,38.3105426784206,"0",10.8,15.8,3.6,934.1,33.6,-9.4,43,17.7,15.5,23,-1.2,231,28,10,26,79,44,62,48
-108.897995887241,33.8440101617252,"0",7.9,21,5.3,684.7,28.1,-11.3,39.4,16.4,10.8,16.9,-0.6,407,83,12,68,209,42,176,72
-113.222907778045,37.2681017066363,"0",13.2,16.3,4.1,809.5,34.4,-4.7,39.1,4.7,16.6,23.8,3.1,352,47,10,32,124,54,71,107
-108.540483296006,36.3745637176102,"0",11.3,17.5,4.1,875.6,33.3,-8.8,42.1,21.8,15.6,22.6,-0.1,201,31,8,42,79,30,65,39
-102.667306120649,37.1363224381142,"0",11.9,16.9,4.1,852.8,32.8,-8.2,41,20.7,1.1,23.1,1.1,399,69,8,63,188,26,179,26
-110.818498059445,33.5842018931225,"0",15.8,15.5,4.4,728.5,34.4,-0.8,35.2,24.8,19,25.4,6.9,494,80,9,48,179,37,148,151
-109.480052091411,36.7818078025205,"0",11.3,15.7,3.8,885.8,32.9,-8.1,41,17.9,15.6,22.9,0,242,30,7,32,83,33,64,58
-111.736399479953,37.2112453966065,"0",12.2,15.3,3.8,858.8,33.7,-6.2,39.9,22.6,16.3,23.5,1.3,178,25,7,30,60,28,50,47
-103.676689422419,34.4026199047479,"0",14.2,16.8,4.3,783.4,33.1,-5.2,38.3,24.2,4.1,24.2,4.1,384,69,9,67,191,31,191,31
-113.804751765841,39.0364638282345,"0",10.1,17.9,4,885.1,34.1,-9.9,44,9.1,-1,21.9,-1,200,21,9,26,62,31,53,31
-113.247694181606,41.0587455838365,"0",10.3,13.8,3.3,942.5,33.4,-8.4,41.8,14.6,-1.6,22.8,-1.6,231,31,14,24,80,44,58,44
-109.873376749853,36.9225858776136,"0",12.7,15.5,3.7,916.2,34.6,-6.8,41.4,19.4,17.2,24.6,0.9,196,25,6,32,69,27,52,46
-103.421782124336,34.4963784665663,"0",13.7,16.2,4.3,776.8,32.4,-5.2,37.6,23.7,3.7,23.7,3.7,400,70,10,66,198,34,198,34
-108.996950168054,36.7863243597487,"0",11,16.9,4,884.2,33.2,-9,42.2,17.6,15.3,22.5,-0.4,233,30,7,33,82,33,62,54
-106.059292538554,34.1020080987334,"0",11.9,17.4,4.5,756.6,31.6,-6.4,38,20.8,7.1,21.7,2.3,346,69,13,64,175,46,157,52
-108.418123496621,31.3189875249432,"0",15.7,18.8,5,678.5,35.3,-2.1,37.4,23.2,19.9,24.2,7.1,322,76,4,79,182,23,152,60
-108.608010457638,35.7981065573804,"0",10.6,18,4.3,842,32,-9.1,41.1,20.8,14.6,21.5,-0.1,219,39,9,51,98,30,82,38
-107.04908148838,34.5578474464872,"0",12.5,19,4.6,790.3,33.3,-7.4,40.7,21.8,4.3,22.8,2.4,231,48,9,65,120,28,99,31
-105.223553106202,41.9646675590106,"0",7.7,16.1,4,837.5,29.9,-10.1,40,16.2,-2.7,18.9,-2.7,330,62,9,59,154,28,120,28
-104.867371944756,32.8401314256371,"0",14.7,17,4.6,725.5,32.6,-4,36.6,23,7.1,24.1,5.4,318,61,8,69,165,29,146,33
-104.015871185125,30.2284496800433,"0",16.1,17.8,5,646,33,-2.3,35.3,23.1,9.1,24.1,7.6,319,57,6,74,168,24,157,28
-108.47293056302,42.4910260777203,"0",3.8,14.9,3.5,911,26.7,-14.7,41.4,8,-7.5,15.9,-7.5,296,44,17,30,109,57,73,57
-115.394738416862,37.302149670313,"0",12.4,16.5,4.2,785.6,33.5,-5.2,38.7,4.3,15.7,22.8,2.8,217,23,7,26,68,38,52,62
-115.86528667968,38.179219344734,"0",10.9,17.3,4.2,806.5,33,-7.7,40.7,2.6,14.4,21.6,0.9,208,20,12,13,59,46,50,55
-108.527652091746,33.3769694233088,"0",7,19.2,5.2,654,25.9,-10.8,36.7,15,9.8,15.6,-1.2,526,101,14,65,264,51,223,107
-112.770560305954,38.5007742937193,"0",6.8,17.6,4.2,815.9,29.6,-11.9,41.5,5.3,14.9,17.7,-3.3,370,43,19,19,112,82,88,84
-113.754475863877,38.5456080435854,"0",9.7,18,4.1,871,33.3,-10.2,43.5,20.5,-1.3,21.2,-1.3,223,26,12,25,71,38,60,38
-105.668728058097,39.6098604543192,"0",-2.8,12.1,3.6,752.1,15.1,-18,33.1,-5.2,-1.7,7.2,-11.7,805,84,48,16,238,166,209,192
-104.088248498418,38.2478849347362,"0",11.3,18.3,4.1,900,33.8,-10.3,44.1,23,-0.2,23,-0.2,280,53,6,65,133,19,133,19
-108.007086673252,37.4216077245127,"0",-0.5,14.8,4.2,696.8,18,-17,35,8.2,2.1,8.6,-8.8,887,97,37,24,266,143,227,237
-105.276695905265,39.4329553160407,"0",5.2,18.2,4.5,744.1,26.3,-13.5,39.8,15.1,-3.9,15.1,-3.9,448,66,11,47,177,45,177,45
-111.695131814987,34.5582255175983,"0",14.2,17,4.6,717.4,33.9,-2.6,36.5,23.2,17.1,23.7,5.5,546,74,10,40,184,55,145,161
-111.924540651757,34.9128830352687,"0",14.8,17.2,4.6,734.7,34.9,-2.2,37.1,24,17.8,24.5,5.9,450,60,10,37,154,51,122,123
-115.471057280842,33.6468213417085,"0",20.2,14.8,4.2,742.2,39.1,3.9,35.2,29.7,22.9,30,11.2,132,23,1,49,49,8,37,42
-103.718329533667,31.3533527904386,"0",18.2,18.3,4.8,746,36.5,-1.4,37.9,26.4,10.3,27.6,8.5,294,56,8,60,135,30,114,34
-110.897811756897,36.776253221986,"0",12.1,13.8,3.5,882.4,32.9,-5.9,38.8,22.8,16.3,23.6,0.9,168,24,6,32,61,25,50,39
-108.839556753194,41.8925544431068,"0",4.4,15.7,3.6,933.2,27.9,-14.8,42.7,9,-7.5,16.6,-7.5,226,34,12,32,81,39,63,39
-100.861639485195,36.4498422224355,"0",13.6,15.9,3.8,898.1,34.3,-7.4,41.7,22.7,1.8,25,1.8,506,81,11,56,227,43,210,43
-115.928605198323,34.6674009183346,"0",20.2,15.4,4.1,788.7,40.3,2.9,37.4,30,23.6,30.6,10.5,110,19,1,48,43,8,33,34
-107.609898455758,33.6022813452998,"0",10.3,19.4,5,705,29.7,-8.7,38.4,18.6,5.8,19.5,1.4,336,76,7,82,201,28,163,42
-104.760277316731,40.1212593841317,"0",9.8,16,3.8,868,31.3,-9.9,41.2,18.7,-1.1,21.2,-1.1,370,65,10,54,160,33,131,33
-105.568693293028,40.2597806728401,"0",0.9,14.6,4.1,730.9,20.3,-15,35.3,-1.2,-3.1,10.5,-7.9,618,64,38,18,183,128,176,130
-106.956301680778,38.5907105107816,"0",2.8,19.4,4,950.5,26.3,-21.2,47.5,13.7,7.7,14.4,-10.3,340,44,21,24,117,68,105,82
-107.535372038266,40.6144995965669,"0",5.3,17.5,3.9,923.6,29.2,-15.4,44.6,4.7,-4.9,17.1,-6.8,417,41,28,12,115,93,97,95
-104.394274303454,35.702804191306,"0",12.7,17.8,4.3,813.2,32.8,-7.7,40.5,23.3,2.3,23.3,2.3,355,67,8,68,176,27,176,27
-111.169942836883,42.1914033296556,"0",3.9,16.4,3.8,912.9,27.5,-15.4,42.9,8.4,-6.4,15.6,-7.9,345,38,23,14,102,80,82,81
-106.744909803561,40.433518151866,"0",0.5,14.8,4,787.1,20.8,-16.1,36.9,-1.4,1.6,10.7,-9.2,575,54,41,9,153,134,149,139
-108.137467758828,35.7498608243438,"0",9.5,17.3,4.3,819.5,30.5,-9.7,40.2,19.4,13.5,20.2,-0.9,262,47,12,50,117,38,100,47
-105.704391202511,40.4865171724906,"0",-2.7,12.2,3.7,731.9,15.6,-17.2,32.8,-5.2,-1.7,7,-11.2,784,82,47,15,235,163,204,182
-112.964958376301,35.2112212967016,"0",11.6,18.7,4.9,717.2,32.4,-5.6,38,20.6,14.3,21.1,2.8,341,60,10,48,140,38,120,84
-103.184952325243,31.912727486234,"0",17.8,16.9,4.4,772.8,35.8,-2.1,37.9,26.4,9.7,27.5,7.7,300,56,7,60,136,28,119,28
-105.995023780415,35.2067095419823,"0",9.9,17.6,4.4,797.6,30.7,-9.1,39.8,19.3,1.4,20.2,-0.4,335,64,13,61,164,43,150,43
-113.140683817662,36.5295029689691,"0",11.6,15.7,4.2,763,32,-5,37,3.5,14.6,21.7,2.3,366,46,11,32,113,51,96,104
-103.102286945569,39.1402449790335,"0",9.1,17,3.9,899.6,31.3,-11.3,42.6,18.3,-2.2,21,-2.2,391,70,8,68,194,25,181,25
-113.523469802489,33.5919355510449,"0",21.1,16.4,4.4,762.7,40.5,3.4,37.1,30.7,24.2,31,11.7,186,29,2,49,70,11,49,56
-111.61712213324,32.481101735459,"0",20.7,17.8,4.7,740.5,39.7,2.3,37.4,29.8,24,30.3,11.5,291,54,5,57,129,20,105,76
-113.342232402909,36.341817070175,"0",12.6,15.4,4.2,765.8,32.8,-3.8,36.6,22.2,15.6,22.8,3.3,340,44,10,33,107,46,91,96
-108.823547819583,37.1931971190792,"0",9.1,15.5,3.8,859.7,30.8,-9.9,40.7,15.7,13,20.3,-1.9,357,41,11,27,115,54,87,87
-106.873049063404,30.5764581480286,"0",17.5,19.3,5,712.8,37,-1.3,38.3,25.4,17.3,26.5,8.3,231,55,5,87,144,19,118,26
-115.612975309897,39.6673610206123,"0",5.1,15.6,4,773.1,26.7,-11.8,38.5,3,15.1,15.4,-4.3,393,40,24,15,118,79,84,101
-109.0783260271,37.8976154253553,"0",7.5,16,3.8,862.5,29.6,-11.9,41.5,14.1,11.4,18.7,-3.7,370,43,13,28,124,61,94,83
-115.18180680182,38.4193550106788,"0",9.8,18.2,4.3,807.9,32.6,-9.5,42.1,8.7,0.5,20.5,-0.3,242,24,14,13,67,55,59,55
-110.081110426892,33.1797282934375,"0",16.9,17.4,4.6,764,36.3,-1.4,37.7,26.1,20.5,26.7,7.2,352,61,8,53,149,26,122,94
-108.361818625438,31.5062335032157,"0",15.7,18.9,4.9,701.1,35.4,-2.5,37.9,23.6,19.9,24.6,6.8,293,68,4,78,166,20,138,55
-108.499598886941,42.063983528119,"0",4.8,15.7,3.6,932.5,28.4,-14.3,42.7,9.3,-7.1,17,-7.1,225,35,11,35,85,36,62,36
-109.890767368428,36.7353561963306,"0",12.3,15.1,3.7,893.5,33.7,-6.8,40.5,18.9,16.6,23.9,0.8,209,27,6,33,74,29,57,47
-112.922457606886,40.8068871991242,"0",10.3,13.3,3.2,935.1,33,-8,41,14.4,22,22.7,-1.4,271,33,17,21,89,56,61,57
-110.551388572626,39.6639213114336,"0",7.2,15.1,3.6,914.8,29.4,-12.5,41.9,18.3,-3.3,19,-4.6,282,32,19,18,89,57,79,58
-103.109486656971,36.2344214304161,"0",12.3,16.6,4.2,813.3,32.1,-7.3,39.4,22.9,1.9,22.9,1.9,383,69,7,71,187,23,187,23
-105.009620081094,30.5517460592012,"0",16,16.7,4.6,694.8,33.2,-2.4,35.6,23.4,12,24.6,6.8,303,66,6,86,182,19,159,25
-109.773135515499,38.7037376545313,"0",11.2,15.8,3.6,950.7,34.2,-9.3,43.5,18.1,-1.1,23.5,-1.1,238,28,11,24,78,48,60,48
-111.260113813098,35.8133162814096,"0",13.7,16.8,4,880,35.5,-5.8,41.3,24.3,18,25.1,2.4,171,29,5,41,69,23,55,36
-106.045732608398,34.5036778693802,"0",10.8,17.8,4.5,769.1,31.3,-7.7,39,19.9,2.8,20.8,1,348,66,15,57,169,48,152,54
-105.992213729333,39.2061236707752,"0",1.1,16.4,4.1,808.8,21.8,-18.1,39.9,11,-9,11.6,-9,414,60,22,35,155,72,154,72
-112.557244507677,37.8688290534674,"0",4.4,17.4,4.3,767.9,25.8,-13.8,39.6,14,7.4,14.4,-5.2,429,54,19,23,134,82,116,102
-102.977299007927,38.6261299686249,"0",10.1,17.8,3.9,938.5,32.9,-11.8,44.7,19.8,-1.9,22.3,-1.9,357,66,7,68,175,24,164,24
-114.030519548175,39.7909613993655,"0",4.4,16.4,4.1,774.7,26.6,-13,39.6,2.1,14.8,14.8,-4.8,434,47,31,12,130,98,98,104
-108.581430552895,32.5027501331016,"0",13,18.4,4.9,709,32.1,-4.9,37,21.6,16.6,22.4,4.2,390,76,8,66,196,31,164,85
-109.953487851691,36.7374210311383,"0",12,14.7,3.6,887.2,33.2,-6.7,39.9,22.7,16.2,23.5,0.6,223,29,7,33,78,31,62,51
-115.20251144009,37.3735851206787,"0",14,17.3,4.3,809.2,35.7,-4.4,40.1,5.8,17.6,24.7,4,178,20,6,25,54,33,43,46
-108.886810861321,35.8459717585407,"0",8.1,16.5,4.2,793.2,28.4,-10.4,38.8,17.8,11.7,18.5,-1.9,337,53,12,42,136,42,114,71
-104.283445409922,37.3115119262302,"0",10.9,17.2,4.2,819.7,31.6,-8.6,40.2,21.7,0.7,21.7,0.7,351,59,10,54,153,35,153,35
-106.435567773922,30.9736354811105,"0",17,18.9,4.8,758.7,36.6,-2.2,38.8,25.6,16.8,26.7,7.3,234,49,4,77,134,22,110,29
-110.618509812386,32.2286655886996,"0",15.4,14.8,4.6,655.9,32.1,0,32.1,23.1,18.6,23.9,7.3,496,97,7,64,238,34,201,122
-107.955686479421,40.0637742876301,"0",5.3,18,4.1,854.3,28.3,-15,43.3,4.2,-5.7,16.3,-5.7,432,42,29,12,122,94,107,94
-115.149058107273,36.0819677481556,"0",19.1,14.6,3.7,862.4,39.7,1,38.7,10.3,23,30.4,8.3,106,13,2,36,35,13,25,33
-102.534970567687,34.5252245573838,"0",13.4,16.7,4.2,800.9,32.5,-6.4,38.9,23.6,3,23.6,3,444,74,11,61,203,37,203,37
-109.901509649726,39.7151349919579,"0",7.9,15.7,3.4,985.8,31.3,-13.6,44.9,15.2,-5.2,20.4,-5.2,242,26,14,20,78,45,66,45
-106.5309405129,34.1741145345675,"0",11.8,17.7,4.5,762.3,31.6,-6.9,38.5,20.7,7.1,21.7,2.1,321,64,13,64,164,41,142,47
-103.782629988346,32.7075498346344,"0",16,17.3,4.5,757.8,34.5,-3.6,38.1,24.5,7.9,25.6,6.1,358,64,9,66,174,31,155,33
-115.672089400346,37.7173661668674,"0",11.8,16.8,4.2,798.4,33.4,-6.4,39.8,3.5,15.1,22.3,1.9,210,22,9,21,64,41,49,60
