"","X","Y","pa","bio1","bio2","bio3","bio4","bio5","bio6","bio7","bio8","bio9","bio10","bio11","bio12","bio13","bio14","bio15","bio16","bio17","bio18","bio19"
"1",-104.896667,38.866005,"1",8,16.6,4.2,789,28.7,-10.5,39.2,18.5,-1.7,18.5,-1.7,427,73,9,60,194,34,194,34
"2",-104.883196,38.875486,"1",6.4,16.7,4.2,778.1,27,-12.1,39.1,16.7,-3.2,16.7,-3.2,452,76,10,59,204,38,204,38
"3",-104.83934,38.722775,"1",5.8,16.2,4.2,778,26.1,-12.4,38.5,16.1,-3.8,16.1,-3.8,474,81,11,58,214,43,214,43
"4",-104.897199,38.864713,"1",8,16.6,4.2,789,28.7,-10.5,39.2,18.5,-1.7,18.5,-1.7,427,73,9,60,194,34,194,34
"5",-104.855046,38.908459,"1",8.2,16.4,4.1,792.9,28.9,-10.2,39.1,18.8,-1.5,18.8,-1.5,426,72,9,60,194,34,194,34
"6",-112.135666,36.057804,"1",7.8,16.2,4.4,721.5,27.8,-8.5,36.3,16.9,10.6,17.3,-0.9,411,55,14,32,133,57,115,112
"7",-105.858488,33.016408,"1",11.7,15.4,4.6,666.2,28.5,-4.6,33.1,19.4,10.9,20.3,3.3,432,85,11,64,221,50,200,74
"8",-105.862205,33.012119,"1",11.7,15.4,4.6,666.2,28.5,-4.6,33.1,19.4,10.9,20.3,3.3,432,85,11,64,221,50,200,74
"9",-104.479605,37.007539,"1",6.5,16.5,4.3,758.3,25.9,-12.4,38.3,16.4,-3.2,16.4,-3.2,492,84,17,53,217,59,217,59
"10",-104.571188,37.142995,"1",9.8,16.7,4.3,778.2,29.5,-9.1,38.6,20,0,20,0,374,65,11,57,168,36,168,36
"11",-107.892314,37.275273,"1",7.4,17.6,4.2,815.2,29.2,-12.6,41.8,13.7,11.1,17.9,-3.2,470,57,17,26,150,74,122,117
"12",-105.821617,32.983697,"1",10.4,14.6,4.6,642.6,26.6,-5.1,31.7,17.8,9.6,18.7,2.3,492,97,12,65,253,57,231,87
"13",-104.479753,37.008114,"1",6.5,16.5,4.3,758.3,25.9,-12.4,38.3,16.4,-3.2,16.4,-3.2,492,84,17,53,217,59,217,59
"14",-111.726667,34.914167,"1",13.3,16.5,4.5,717.9,32.8,-3.2,36,22.2,16.2,22.8,4.5,550,66,11,36,172,62,136,163
"15",-104.513472,37.180938,"1",9.9,16.6,4.3,777,29.6,-8.8,38.4,20.1,0.2,20.1,0.2,379,65,11,55,167,38,167,38
"16",-104.515183,37.183108,"1",9.9,16.6,4.3,777,29.6,-8.8,38.4,20.1,0.2,20.1,0.2,379,65,11,55,167,38,167,38
"17",-104.516463,37.184475,"1",9.9,16.6,4.3,777,29.6,-8.8,38.4,20.1,0.2,20.1,0.2,379,65,11,55,167,38,167,38
"18",-113.189022,37.764442,"1",9.2,16.5,4.1,822.2,31,-8.9,39.9,3.8,12.6,20.1,-1,324,37,13,22,94,64,80,74
"19",-109.622449,38.797276,"1",11.4,15.8,3.6,955,34.5,-9.2,43.7,18.3,-1.1,23.7,-1.1,243,28,12,21,77,49,60,49
"20",-111.249725,38.292221,"1",10.1,15.4,3.7,887,31.8,-9.5,41.3,20.8,-1.2,21.7,-1.2,197,30,10,37,78,31,66,31
"21",-105.548713,36.528372,"1",6.2,17.9,4.3,802.4,27,-14.6,41.6,15.7,-4.4,16.3,-4.4,378,67,17,49,164,54,159,54
"22",-105.211808,35.60733,"1",9.1,18.7,4.6,744.2,29.2,-10.6,39.8,17.9,-0.4,18.9,-0.4,404,83,11,70,207,36,203,36
"23",-105.245413,35.517113,"1",9.3,18.9,4.7,750.8,29.5,-10.5,40,18.2,-0.2,19.2,-0.2,397,82,11,69,204,36,198,36
"24",-105.837495,32.93567,"1",11.2,14.9,4.5,653.6,27.8,-4.6,32.4,18.7,10.5,19.7,3,458,90,11,64,234,53,213,80
"25",-111.789782,34.85333,"1",15.1,17.1,4.6,733.8,35.2,-1.9,37.1,24.2,18.1,24.8,6.1,476,58,9,37,153,52,117,136
"26",-103.024666,36.839636,"1",12.4,16.9,4.1,837.6,32.9,-7.5,40.4,23.4,1.9,23.4,1.9,391,70,8,65,181,25,181,25
"27",-110.497039,33.793336,"1",14,17,4.6,724.9,33.3,-3.5,36.8,23,17,23.4,5,463,78,10,48,181,39,150,125
"28",-106.416454,37.08462,"1",1.9,16.1,4.2,745.1,21.2,-16.4,37.6,11,5.1,11.5,-7.5,664,83,34,24,213,115,189,159
"29",-112.050852,36.195681,"1",7.3,15.7,4.3,725.9,27.1,-8.8,35.9,-0.5,10.2,16.9,-1.5,425,54,13,33,132,57,113,121
"30",-112.146111,36.066389,"1",7.8,16.2,4.4,721.5,27.8,-8.5,36.3,16.9,10.6,17.3,-0.9,411,55,14,32,133,57,115,112
"31",-105.47103,32.735828,"1",10.6,15,4.7,625.3,26.7,-5.2,31.9,17.8,6.4,18.7,2.7,448,91,11,69,239,52,220,67
"32",-105.470863,32.736263,"1",10.6,15,4.7,625.3,26.7,-5.2,31.9,17.8,6.4,18.7,2.7,448,91,11,69,239,52,220,67
"33",-105.470947,32.737748,"1",10.6,15,4.7,625.3,26.7,-5.2,31.9,17.8,6.4,18.7,2.7,448,91,11,69,239,52,220,67
"34",-111.780862,34.851987,"1",15.1,17.1,4.6,733.8,35.2,-1.9,37.1,24.2,18.1,24.8,6.1,476,58,9,37,153,52,117,136
"35",-105.469471,32.740343,"1",10.6,15,4.7,625.3,26.7,-5.2,31.9,17.8,6.4,18.7,2.7,448,91,11,69,239,52,220,67
"36",-105.468155,32.741789,"1",10.6,15,4.7,625.3,26.7,-5.2,31.9,17.8,6.4,18.7,2.7,448,91,11,69,239,52,220,67
"37",-105.468417,32.741813,"1",10.6,15,4.7,625.3,26.7,-5.2,31.9,17.8,6.4,18.7,2.7,448,91,11,69,239,52,220,67
"38",-105.893097,32.938483,"1",12.7,15.8,4.6,684.2,30,-4,34,20.6,12,21.6,4.1,389,76,10,64,199,44,178,65
"39",-105.89138,32.937997,"1",12.7,15.8,4.6,684.2,30,-4,34,20.6,12,21.6,4.1,389,76,10,64,199,44,178,65
"40",-105.890817,32.938172,"1",12.7,15.8,4.6,684.2,30,-4,34,20.6,12,21.6,4.1,389,76,10,64,199,44,178,65
"41",-105.89363,32.94038,"1",12.7,15.8,4.6,684.2,30,-4,34,20.6,12,21.6,4.1,389,76,10,64,199,44,178,65
"42",-105.885222,32.929547,"1",12.7,15.8,4.6,684.2,30,-4,34,20.6,12,21.6,4.1,389,76,10,64,199,44,178,65
"43",-108.967622,40.294947,"1",6.2,16.1,3.7,926.6,29.6,-13.9,43.5,13.3,-5.7,18.3,-5.7,318,34,17,19,92,57,82,57
"44",-105.471122,32.735488,"1",10.6,15,4.7,625.3,26.7,-5.2,31.9,17.8,6.4,18.7,2.7,448,91,11,69,239,52,220,67
"45",-105.890808,32.953042,"1",12.7,15.8,4.6,684.2,30,-4,34,20.6,12,21.6,4.1,389,76,10,64,199,44,178,65
"46",-112.115766,36.064942,"1",7.6,16.1,4.4,720.4,27.5,-8.7,36.2,16.7,10.5,17.1,-1.1,415,55,14,33,133,57,115,114
"47",-112.110366,36.06244,"1",7.6,16.1,4.4,720.4,27.5,-8.7,36.2,16.7,10.5,17.1,-1.1,415,55,14,33,133,57,115,114
"48",-111.993141,35.039234,"1",12.4,16.4,4.5,716.6,31.9,-4,35.9,21.4,15.4,21.9,3.7,504,69,11,38,174,58,142,139
"49",-109.072602,37.383762,"1",10.9,17.4,3.9,914.1,34.2,-9.9,44.1,17.7,15.3,22.7,-1,287,35,9,27,93,44,64,71
"50",-112.015778,35.011871,"1",11.2,16.1,4.5,705.1,30.4,-4.9,35.3,20,14,20.5,2.6,532,75,12,39,187,61,155,146
"51",-106.583137,32.28466,"1",12.7,16.2,4.6,693.9,30.4,-4.2,34.6,20.6,11.9,21.7,3.9,356,73,7,73,195,32,172,57
"52",-106.600717,37.6703,"1",3.7,18,4.2,839.7,24.6,-17.6,42.2,13.6,-7.4,14.2,-7.4,372,56,20,34,143,68,125,68
"53",-105.888138,35.690294,"1",8.1,16.2,4.3,738.4,27.3,-9.7,37,16.9,-1.2,17.7,-1.2,450,83,22,55,211,68,197,68
"54",-106.30107,35.000378,"1",8.8,15.9,4.3,739.9,28.2,-8.5,36.7,17.6,12.6,18.5,-0.6,455,76,23,48,199,76,179,85
"55",-112.050728,36.195408,"1",7.3,15.7,4.3,725.9,27.1,-8.8,35.9,-0.5,10.2,16.9,-1.5,425,54,13,33,132,57,113,121
"56",-109.151665,40.060276,"1",8.1,17.1,3.5,1034.5,32.9,-15,47.9,15.6,-5.9,21.1,-5.9,249,29,13,22,76,44,63,44
"57",-106.468012,35.13422,"1",10.9,16,4.2,785.7,30.9,-7,37.9,20.2,15,21.2,1,347,58,19,47,150,60,135,62
"58",-111.514663,35.36212,"1",7.8,16.2,4.4,728.5,27.6,-9,36.6,17,10.9,17.4,-1.2,474,67,12,38,172,57,141,127
"59",-112.136053,36.065762,"1",7.8,16.2,4.4,721.5,27.8,-8.5,36.3,16.9,10.6,17.3,-0.9,411,55,14,32,133,57,115,112
"60",-112.139922,36.06225,"1",7.8,16.2,4.4,721.5,27.8,-8.5,36.3,16.9,10.6,17.3,-0.9,411,55,14,32,133,57,115,112
"61",-112.1432,36.05912,"1",7.8,16.2,4.4,721.5,27.8,-8.5,36.3,16.9,10.6,17.3,-0.9,411,55,14,32,133,57,115,112
"62",-112.12957,36.073947,"1",7.8,16.2,4.4,721.5,27.8,-8.5,36.3,16.9,10.6,17.3,-0.9,411,55,14,32,133,57,115,112
"63",-112.16655,36.070208,"1",7.8,16.2,4.4,721.5,27.8,-8.5,36.3,16.9,10.6,17.3,-0.9,411,55,14,32,133,57,115,112
"64",-105.409112,35.398103,"1",9.7,18.4,4.6,757.7,30,-9.8,39.8,18.7,0.1,19.6,0.1,368,77,12,69,191,39,182,39
"65",-109.867702,38.303552,"1",11,15.7,3.6,928.4,33.7,-9.1,42.8,17.8,15.6,23,-1,248,29,10,25,83,47,64,53
"66",-104.951828,36.457598,"1",8.6,18.3,4.7,743.9,28.3,-10.6,38.9,18.2,-0.8,18.2,-0.8,401,76,10,65,193,33,193,33
"67",-109.604895,38.796759,"1",11.4,15.8,3.6,955,34.5,-9.2,43.7,18.3,-1.1,23.7,-1.1,243,28,12,21,77,49,60,49
"68",-113.793862,35.1505,"1",13.7,15.4,4.4,723,32.9,-2,34.9,22.9,16.3,23.3,5.1,279,43,6,43,100,28,82,81
"69",-112.40479,36.434188,"1",8.2,15.8,4.3,741.8,28.4,-8.2,36.6,0.2,11.1,18.1,-0.8,419,53,14,32,131,59,111,119
"70",-111.764367,34.802088,"1",15.1,17.1,4.6,732.4,35.2,-1.9,37.1,24.2,18.1,24.8,6.2,476,60,9,37,155,52,119,136
"71",-107.749855,38.190732,"1",6.8,18.2,4.2,827.2,28.8,-13.9,42.7,16.8,10.7,17.4,-3.9,425,49,23,20,137,89,118,89
"72",-105.408523,35.398033,"1",9.7,18.4,4.6,757.7,30,-9.8,39.8,18.7,0.1,19.6,0.1,368,77,12,69,191,39,182,39
"73",-106.392202,35.095074,"1",9.1,15.8,4.2,748.4,28.6,-8.3,36.9,18,12.9,18.9,-0.3,445,73,23,45,191,74,172,85
"74",-109.598663,38.787353,"1",11.3,15.7,3.6,949.9,34.3,-9.1,43.4,18.2,-1,23.6,-1,245,28,12,21,78,50,61,50
"75",-111.664753,35.543957,"1",9.4,16.1,4.3,754.7,29.5,-7.7,37.2,18.8,12.8,19.3,0,384,56,11,36,140,49,116,98
"76",-109.477245,36.128318,"1",10.6,16.6,4,853.7,32,-8.7,40.7,21,14.6,21.8,-0.2,251,37,8,40,96,33,78,53
"77",-105.571031,33.752901,"1",11.5,17.1,4.7,718.7,30.1,-6.2,36.3,19.9,3.3,20.9,2.4,355,75,10,73,193,40,181,45
"78",-108.489482,37.272792,"1",7,14.9,3.8,809.6,27.6,-10.8,38.4,16.9,10.4,17.6,-3.1,501,56,18,25,153,78,126,125
"79",-105.782067,39.550051,"1",-0.9,13.6,3.8,763.2,18,-17.3,35.3,-3,0.1,9.1,-10.2,671,69,41,16,194,140,182,155
"80",-106.579309,32.339312,"1",11.5,15.8,4.6,673.1,28.9,-4.8,33.7,19.3,10.7,20.3,3.1,401,84,8,73,219,38,194,66
"81",-106.279117,35.781303,"1",10.4,16,4.2,801.4,30.4,-7.6,38,20,0.3,20.8,0.3,344,62,15,51,157,51,143,51
"82",-111.795054,34.876419,"1",14.1,16.6,4.5,721.9,33.8,-2.4,36.2,23.2,17.1,23.7,5.3,520,63,10,36,164,59,128,152
"83",-111.371051,35.520165,"1",13.7,16.5,4,849.4,35,-5.3,40.3,23.9,17.8,24.7,2.8,229,39,6,44,95,27,76,49
"84",-109.504906,38.742547,"1",12.1,16.1,3.6,952,35.3,-8.7,44,18.9,-0.4,24.3,-0.4,238,28,11,22,75,48,57,48
"85",-112.2541098,36.30624841,"1",7.4,15.6,4.3,725.6,27.2,-8.6,35.8,-0.4,10.2,17,-1.3,446,56,14,32,141,61,118,129
"86",-104.804167,36.813889,"1",7.5,17.6,4.4,768.6,27.3,-12.1,39.4,17.4,-2.4,17.4,-2.4,401,75,11,63,189,38,189,38
"87",-109.03623,33.16543,"1",11.6,19.4,5.1,680.9,31,-6.4,37.4,20,14.6,20.6,3.2,478,85,12,58,223,42,184,111
"88",-105.2515,35.936,"1",8.2,17.9,4.6,714,27.7,-10.5,38.2,16.8,-0.7,17.6,-0.7,428,86,13,68,214,42,213,42
"89",-107.59999,33.38066,"1",9.8,18.9,5,683.9,28.7,-8.5,37.2,17.9,8.8,18.7,1.2,385,85,8,79,225,34,186,54
"90",-103.81769,35.78689,"1",12.1,16.8,4.2,810.2,31.9,-7.5,39.4,22.6,1.7,22.6,1.7,395,77,8,71,198,27,198,27
"91",-105.80181,35.22511,"1",9.4,17.4,4.4,769,29.6,-9.4,39,18.5,1.1,19.4,-0.5,378,74,16,61,188,51,173,51
"92",-104.95381,34.87444,"1",12.3,17.6,4.5,756.8,32,-6.4,38.4,21.2,4.2,22.2,2.7,351,72,11,66,176,36,172,37
"93",-105.79281,35.580835,"1",8.6,16.7,4.4,738.5,28,-9.6,37.6,17.4,-0.7,18.3,-0.7,437,82,20,58,212,63,196,63
"94",-104.95381,34.87444,"1",12.3,17.6,4.5,756.8,32,-6.4,38.4,21.2,4.2,22.2,2.7,351,72,11,66,176,36,172,37
"95",-107.59453,36.95717,"1",8.3,17.3,4,854,30.5,-12.1,42.6,14.8,12.3,19.3,-2.8,385,51,15,28,129,61,105,91
"96",-106.87838,35.9949,"1",6.4,17.6,4.4,763.5,27,-12.6,39.6,15.6,9.9,16.3,-3.4,442,74,22,43,183,72,165,87
"97",-105.317773,35.267407,"1",10.7,18.4,4.6,769,31.2,-8.8,40,19.8,1.9,20.8,0.9,328,69,10,69,171,33,163,34
"98",-108.565106,34.117195,"1",6.7,19.7,5.1,681.5,26.5,-11.8,38.3,15.1,9.6,15.6,-1.8,425,87,14,66,218,45,183,76
"99",-109.578903,38.770775,"1",11.5,15.8,3.6,948.5,34.5,-9,43.5,18.4,-0.9,23.7,-0.9,245,29,12,22,78,49,60,49
"100",-104.842536,38.859092,"1",8.8,16.3,4.1,800.9,29.5,-9.7,39.2,19.5,-1.1,19.5,-1.1,416,71,9,61,190,33,190,33
"101",-112.014725,35.597908,"1",9.8,16.2,4.4,733.5,29.7,-6.8,36.5,18.9,12.9,19.5,0.8,401,59,12,37,144,52,121,104
"102",-109.735535,38.64629,"1",11.5,15.9,3.6,947.9,34.5,-9.1,43.6,18.4,-0.8,23.7,-0.8,239,28,11,23,77,49,59,49
"103",-108.727732,39.103747,"1",10.4,15.1,3.5,934.5,32.8,-9.5,42.3,17.2,-1.7,22.5,-1.7,278,29,16,18,84,56,69,56
"104",-108.260483,38.093692,"1",6.5,16.8,4,812.5,28,-13,41,16.4,10.2,17,-3.9,449,52,23,23,151,90,127,93
"105",-108.317395,39.113403,"1",10.1,15.4,3.6,913.8,32.5,-10,42.5,16.8,-1.8,21.9,-1.8,297,32,18,18,90,59,71,59
"106",-112.156119,36.072149,"1",7.8,16.2,4.4,721.5,27.8,-8.5,36.3,16.9,10.6,17.3,-0.9,411,55,14,32,133,57,115,112
"107",-108.770626,39.122987,"1",10,14.6,3.4,926.5,32.3,-9.5,41.8,16.8,-1.9,22,-1.9,301,32,17,18,92,63,75,63
"108",-108.951472,39.206422,"1",10.6,16.4,3.7,956.9,33.8,-10.5,44.3,17.5,-2,22.8,-2,245,27,14,19,75,49,60,49
"109",-111.65792,35.157119,"1",7.9,16.5,4.5,712.7,27.6,-8.7,36.3,17,10.7,17.4,-0.8,554,74,12,38,192,63,155,156
"110",-112.141871,36.059993,"1",7.8,16.2,4.4,721.5,27.8,-8.5,36.3,16.9,10.6,17.3,-0.9,411,55,14,32,133,57,115,112
"111",-112.165694,36.071592,"1",7.8,16.2,4.4,721.5,27.8,-8.5,36.3,16.9,10.6,17.3,-0.9,411,55,14,32,133,57,115,112
"112",-111.827614,34.84523,"1",15,17.1,4.6,731.8,35.1,-1.9,37,24.1,18,24.7,6.1,473,59,9,37,154,52,119,134
"113",-111.754529,34.947804,"1",11.7,16.2,4.5,707.2,30.9,-4.4,35.3,20.6,14.6,21.1,3.1,584,72,12,37,185,66,149,174
"114",-111.82381,34.806502,"1",15.5,17.4,4.6,741.7,35.9,-1.8,37.7,24.8,18.6,25.3,6.5,440,57,9,37,148,49,114,121
"115",-111.829447,34.807926,"1",15.5,17.4,4.6,741.7,35.9,-1.8,37.7,24.8,18.6,25.3,6.5,440,57,9,37,148,49,114,121
"116",-105.832305,32.944997,"1",10,14.3,4.5,635.9,26.1,-5.2,31.3,17.3,9.2,18.3,2,506,102,12,67,262,58,240,90
"117",-108.048639,32.991394,"1",10.2,18.8,5.1,668.8,29.1,-7.3,36.4,18.3,13.4,19.1,1.9,451,93,10,72,243,44,207,82
"118",-109.214016,36.294344,"1",8.9,15.2,3.9,821.9,29.3,-9.6,38.9,18.9,12.6,19.7,-1.5,311,45,9,39,117,39,94,70
"119",-109.853981,38.103008,"1",10.9,15.5,3.6,917.6,33.3,-8.8,42.1,17.6,15.3,22.8,-0.9,254,30,10,25,85,45,66,57
"120",-112.140111,36.054445,"1",7.8,16.2,4.4,721.5,27.8,-8.5,36.3,16.9,10.6,17.3,-0.9,411,55,14,32,133,57,115,112
"121",-106.569444,32.337222,"1",11.5,15.8,4.6,673.1,28.9,-4.8,33.7,19.3,10.7,20.3,3.1,401,84,8,73,219,38,194,66
"122",-103.97,36.782222,"1",8.5,16.2,4.3,759.2,27.6,-10,37.6,18.4,-1,18.4,-1,464,86,12,63,219,41,219,41
"123",-112.107754,36.061728,"1",7.6,16.1,4.4,720.4,27.5,-8.7,36.2,16.7,10.5,17.1,-1.1,415,55,14,33,133,57,115,114
"124",-105.956298,35.726247,"1",9,16.3,4.3,767.2,28.5,-9.2,37.7,18.1,-0.7,18.9,-0.7,402,75,19,56,191,58,177,58
"125",-106.582222,32.303056,"1",11.8,15.8,4.6,677.1,29.2,-4.7,33.9,19.6,10.9,20.6,3.3,392,81,8,73,214,37,189,64
"126",-112.095305,36.048642,"1",7.6,16.1,4.4,720.4,27.5,-8.7,36.2,16.7,10.5,17.1,-1.1,415,55,14,33,133,57,115,114
"127",-112.105958,36.059578,"1",7.6,16.1,4.4,720.4,27.5,-8.7,36.2,16.7,10.5,17.1,-1.1,415,55,14,33,133,57,115,114
"128",-108.118325,32.807922,"1",11.3,17.8,5,673.1,29.8,-5.7,35.5,19.3,10.1,20.2,3,432,90,9,72,234,41,200,79
"129",-108.089911,32.813278,"1",11.3,17.8,5,673.1,29.8,-5.7,35.5,19.3,10.1,20.2,3,432,90,9,72,234,41,200,79
"130",-108.089814,32.813392,"1",11.3,17.8,5,673.1,29.8,-5.7,35.5,19.3,10.1,20.2,3,432,90,9,72,234,41,200,79
"131",-108.244133,32.897745,"1",9.8,18.1,5,662.5,28.3,-7.2,35.5,17.8,13,18.6,1.6,485,99,11,69,253,45,219,97
"132",-108.244203,32.898175,"1",9.8,18.1,5,662.5,28.3,-7.2,35.5,17.8,13,18.6,1.6,485,99,11,69,253,45,219,97
"133",-109.478177,37.624165,"1",10.6,15.3,3.7,894.5,32.8,-8.4,41.2,17.3,14.7,22.4,-0.8,306,36,10,27,99,46,74,81
"134",-106.448478,35.165578,"1",7.9,15.5,4.3,724,26.9,-9.1,36,16.5,11.5,17.3,-1.2,505,83,26,45,216,82,195,99
"135",-106.229111,35.811292,"1",10.2,15.9,4.1,798,30,-7.9,37.9,19.7,0.1,20.5,0.1,351,64,15,52,162,51,148,51
"136",-109.456902,38.717648,"1",10.8,15.4,3.6,930.9,33.4,-9.2,42.6,17.7,-1.2,22.9,-1.2,273,31,13,21,85,57,67,57
"137",-109.53163,38.684497,"1",11.4,15.7,3.6,939.8,34.3,-8.9,43.2,18.3,-0.7,23.6,-0.7,255,30,12,21,81,53,62,53
"138",-104.799878,31.9138,"1",13.7,15,4.5,654.6,30,-2.8,32.8,22.1,9.6,22.1,5.2,193,42,2,86,108,8,108,14
"139",-112.108612,35.8125,"1",9.3,16.4,4.4,733.9,29.4,-7.4,36.8,18.5,12.3,18.9,0.3,380,55,12,36,133,50,113,99
"140",-113.20211,37.435615,"1",9.5,16.1,4.1,786.5,30.5,-7.9,38.4,1.2,12.7,20,-0.1,397,48,13,26,127,66,88,112
"141",-109.984303,37.609684,"1",10,14,3.5,878.9,31.2,-8.1,39.3,16.7,14.1,21.6,-1.1,291,35,10,27,96,45,76,71
"142",-106.086686,38.815813,"1",5.3,17.7,4.3,800.2,26.8,-14,40.8,15,-4.7,15.8,-4.7,280,50,9,52,125,33,119,33
"143",-112.541406,37.146797,"1",10.7,17.4,4.3,788.8,32.4,-7.7,40.1,2.3,14,21.1,0.9,350,43,12,29,117,52,78,112
"144",-110.541358,36.678047,"1",10.4,13.4,3.6,841.1,30.6,-6.6,37.2,20.7,14.2,21.5,-0.1,267,36,8,33,94,36,76,62
"145",-105.686944,36.67,"1",6.8,18,4.2,839.3,28.2,-14.5,42.7,16.7,-4.4,17.4,-4.4,312,56,13,48,138,44,130,44
"146",-111.782744,34.854638,"1",15.1,17.1,4.6,733.8,35.2,-1.9,37.1,24.2,18.1,24.8,6.1,476,58,9,37,153,52,117,136
"147",-105.911365,35.69887,"1",8.1,16.2,4.3,738.4,27.3,-9.7,37,16.9,-1.2,17.7,-1.2,450,83,22,55,211,68,197,68
"148",-106.294248,35.895753,"1",8.2,14.9,4,760.2,27.2,-9.3,36.5,17.2,-1.5,18.1,-1.5,445,78,23,47,196,74,180,74
"149",-112.009577,37.02089,"1",11.9,16,4,829.2,33.4,-6.2,39.6,22.1,15.7,22.8,1.5,232,30,8,28,72,35,60,65
"150",-105.28344,35.655365,"1",8.9,18,4.6,729.9,28.5,-10.1,38.6,17.6,-0.3,18.5,-0.3,414,86,11,71,214,38,209,38
"151",-111.801845,37.429932,"1",9.7,16,4,809.4,30.9,-8.5,39.4,19.6,13.3,20.3,-0.5,250,36,9,30,85,39,70,63
"152",-105.548438,36.376628,"1",7.7,18.1,4.2,823.9,28.8,-13.4,42.2,17.4,-3.2,18.2,-3.2,342,61,14,50,151,46,145,46
"153",-112.051606,36.196164,"1",7.3,15.7,4.3,725.9,27.1,-8.8,35.9,-0.5,10.2,16.9,-1.5,425,54,13,33,132,57,113,121
"154",-106.448904,35.210114,"1",4.9,15.1,4.4,669.8,23,-11,34,12.9,8,13.7,-3.4,644,106,33,45,271,103,248,132
"155",-110.603914,40.237736,"1",6.2,16.1,3.7,897.3,28.7,-14,42.7,13.1,-3.5,17.7,-5.6,292,30,21,12,87,65,77,66
"156",-106.275031,35.78339,"1",10.4,16,4.2,801.4,30.4,-7.6,38,20,0.3,20.8,0.3,344,62,15,51,157,51,143,51
"157",-102.966684,36.95728,"1",12.3,16.9,4.1,838.4,32.8,-7.6,40.4,20.9,1.8,23.3,1.8,396,71,8,64,182,26,182,26
"158",-102.971908,36.956494,"1",12.3,16.9,4.1,838.4,32.8,-7.6,40.4,20.9,1.8,23.3,1.8,396,71,8,64,182,26,182,26
"159",-102.947806,36.951868,"1",12.6,17.1,4.1,848.2,33.3,-7.6,40.9,21.3,1.9,23.7,1.9,389,70,8,65,180,25,180,25
"160",-103.968201,36.781384,"1",8.5,16.2,4.3,759.2,27.6,-10,37.6,18.4,-1,18.4,-1,464,86,12,63,219,41,219,41
"161",-106.078545,35.6716,"1",10.3,16.3,4.3,803,30.2,-7.7,37.9,19.9,0.3,20.7,0.3,350,64,16,53,164,50,150,50
"162",-112.184169,36.22587,"1",10.2,16.4,4.3,768.1,30.9,-6.9,37.8,19.8,13.4,20.3,0.8,327,44,11,32,106,46,91,88
"163",-113.035777,37.671819,"1",7.7,16.7,4.2,789.2,29.2,-10.1,39.3,17.7,10.8,18.2,-2,383,44,15,23,111,72,95,94
"164",-105.93435,35.716,"1",9,16.3,4.3,767.2,28.5,-9.2,37.7,18.1,-0.7,18.9,-0.7,402,75,19,56,191,58,177,58
"165",-103.967948,36.78158,"1",8.5,16.2,4.3,759.2,27.6,-10,37.6,18.4,-1,18.4,-1,464,86,12,63,219,41,219,41
"166",-106.3674,35.0324,"1",9.1,15.9,4.2,747,28.7,-8.3,37,18,12.9,18.9,-0.3,445,74,23,46,193,74,173,84
"167",-115.585586,35.526059,"1",11.4,13.5,4,728.3,30.2,-3.5,33.7,3.7,13.9,21.2,2.8,312,41,6,41,110,36,77,106
"168",-115.328283,35.2624,"1",12.6,12.8,3.9,724.8,31,-1.8,32.8,4.9,15.1,22.3,4,312,44,6,42,109,33,81,103
"169",-108.347447,35.037235,"1",8.5,18.5,4.6,772.4,29.4,-10.8,40.2,17.9,12,18.5,-1.3,352,63,14,49,155,46,131,72
"170",-105.891778,35.673303,"1",8.1,16.2,4.3,738.4,27.3,-9.7,37,16.9,-1.2,17.7,-1.2,450,83,22,55,211,68,197,68
"171",-106.203828,36.400487,"1",6.5,16.8,4.2,778.7,26.9,-12.7,39.6,15.9,-3.5,16.6,-3.5,398,70,22,44,168,69,156,69
"172",-105.889328,33.399197,"1",11.6,16.3,4.6,702,29.4,-5.6,35,19.8,10.9,20.8,2.8,392,79,11,68,206,49,187,61
"173",-105.905092,32.957172,"1",12.7,15.8,4.6,684.2,30,-4,34,20.6,12,21.6,4.1,389,76,10,64,199,44,178,65
"174",-103.976262,36.776523,"1",8.5,16.2,4.3,759.2,27.6,-10,37.6,18.4,-1,18.4,-1,464,86,12,63,219,41,219,41
"175",-106.396885,35.085908,"1",9.1,15.8,4.2,748.4,28.6,-8.3,36.9,18,12.9,18.9,-0.3,445,73,23,45,191,74,172,85
"176",-106.272179,35.780271,"1",10.4,16,4.2,801.4,30.4,-7.6,38,20,0.3,20.8,0.3,344,62,15,51,157,51,143,51
"177",-104.499445,36.644999,"1",9.7,18.3,4.4,800.7,30.1,-10.8,40.9,20,-0.5,20,-0.5,355,74,7,77,187,22,187,22
"178",-105.307997,35.301851,"1",10.3,18.5,4.6,762.5,30.6,-9.2,39.8,19.3,1.6,20.3,0.6,345,73,10,70,180,35,172,35
"179",-112.254,36.831,"1",8.6,15.9,4.2,768.5,29.2,-8.5,37.7,0.3,11.7,18.7,-0.9,380,47,13,30,118,55,98,109
"180",-111.987555,35.998592,"1",7,15.7,4.4,713.7,26.6,-9,35.6,16,9.9,16.5,-1.6,444,58,14,33,143,59,123,126
"181",-112.735326,37.0344,"1",10.4,16.9,4.3,778.8,31.7,-7.5,39.2,2.1,13.6,20.7,0.8,372,43,12,28,121,55,87,113
"182",-113.147507,36.402544,"1",8.8,15.3,4.3,725.3,28.6,-6.9,35.5,1,11.5,18.5,0.2,449,56,14,33,141,62,119,130
"183",-112.183177,35.229804,"1",8,15.2,4.5,680.7,26.5,-7.2,33.7,16.6,10.6,17,-0.2,575,83,14,40,204,66,172,162
"184",-106.289723,37.84569,"1",4.8,17.5,4.1,850.3,25.5,-16.6,42.1,14.7,-6.6,15.4,-6.6,259,45,10,49,115,34,104,34
"185",-115.308748,35.263419,"1",12.6,12.8,3.9,724.8,31,-1.8,32.8,4.9,15.1,22.3,4,312,44,6,42,109,33,81,103
"186",-111.453875,37.746425,"1",10.3,15.4,3.8,856.8,31.7,-8.6,40.3,20.7,14.3,21.5,-0.6,221,33,9,32,80,37,66,48
"187",-111.490822,35.371243,"1",7.8,16.1,4.4,729.7,27.5,-9,36.5,16.9,10.9,17.4,-1.2,470,66,12,38,170,56,139,126
"188",-111.781534,34.863619,"1",15.1,17.1,4.6,733.8,35.2,-1.9,37.1,24.2,18.1,24.8,6.1,476,58,9,37,153,52,117,136
"189",-110.540774,36.686404,"1",10.4,13.4,3.6,841.1,30.6,-6.6,37.2,20.7,14.2,21.5,-0.1,267,36,8,33,94,36,76,62
"190",-111.298753,38.298783,"1",9,15.6,3.8,861.7,30.5,-10.3,40.8,19.5,-2,20.3,-2,211,33,11,38,84,34,72,34
"191",-112.093334,35.820043,"1",9.3,16.4,4.4,733.9,29.4,-7.4,36.8,18.5,12.3,18.9,0.3,380,55,12,36,133,50,113,99
"192",-112.488604,36.459096,"1",9.1,16.1,4.3,750.6,29.6,-7.6,37.2,1.1,12.1,19.1,0,390,50,13,31,120,55,104,110
"193",-107.870959,36.541877,"1",9.9,15.6,3.8,865.4,31.4,-9.2,40.6,20.3,14,21.1,-1.2,278,41,13,34,103,44,87,56
"194",-105.893233,33.399247,"1",11.6,16.3,4.6,702,29.4,-5.6,35,19.8,10.9,20.8,2.8,392,79,11,68,206,49,187,61
"195",-108.724817,39.075135,"1",9,14.4,3.5,902.8,31,-9.9,40.9,15.8,-2.5,20.8,-2.5,343,35,20,17,102,72,85,72
"196",-108.724777,39.075226,"1",9,14.4,3.5,902.8,31,-9.9,40.9,15.8,-2.5,20.8,-2.5,343,35,20,17,102,72,85,72
"197",-106.15697,38.871468,"1",4.9,17.7,4.3,806.2,26.5,-14.6,41.1,14.7,-5.2,15.4,-5.2,286,50,10,50,125,36,120,36
"198",-111.549935,34.520812,"1",10.9,16.2,4.6,699.5,30,-5.2,35.2,19.7,13.7,20.2,2.4,652,88,12,41,221,64,179,195
"199",-113.041411,37.690547,"1",7.7,16.7,4.2,789.2,29.2,-10.1,39.3,17.7,10.8,18.2,-2,383,44,15,23,111,72,95,94
"200",-112.202556,35.356089,"1",9.3,15.6,4.4,700,28.3,-6.4,34.7,18.1,12.1,18.6,0.9,492,73,13,39,178,59,150,133
"201",-104.783333,31.707778,"1",15.3,15.9,4.6,688.3,32.3,-2.2,34.5,24.1,11.2,24.1,6.3,196,39,3,82,102,9,102,16
"202",-105.293312,38.402411,"1",8,17.6,4.3,782.3,28.8,-11.4,40.2,18.2,-1.9,18.2,-1.9,360,61,10,50,151,38,151,38
"203",-108.703828,39.100903,"1",10.9,15.9,3.6,949.4,33.8,-9.8,43.6,17.8,-1.6,23.1,-1.6,239,25,14,19,73,47,59,47
"204",-108.244207,32.897512,"1",9.8,18.1,5,662.5,28.3,-7.2,35.5,17.8,13,18.6,1.6,485,99,11,69,253,45,219,97
"205",-104.569182,37.142418,"1",9.8,16.7,4.3,778.2,29.5,-9.1,38.6,20,0,20,0,374,65,11,57,168,36,168,36
"206",-108.730718,39.097041,"1",10.4,15.1,3.5,934.5,32.8,-9.5,42.3,17.2,-1.7,22.5,-1.7,278,29,16,18,84,56,69,56
"207",-113.421234,38.590868,"1",9.6,18.2,4.1,887.7,33.6,-10.6,44.2,20.7,-1.6,21.4,-1.6,216,26,11,27,70,34,60,34
"208",-107.743349,38.209013,"1",6.9,18.2,4.2,834.3,29,-13.9,42.9,17,-3.9,17.6,-3.9,405,47,22,21,132,84,113,84
"209",-109.606047,38.790047,"1",11.3,15.7,3.6,949.9,34.3,-9.1,43.4,18.2,-1,23.6,-1,245,28,12,21,78,50,61,50
"210",-107.219709,39.470741,"1",5.3,17.8,4,870.8,28.3,-15.3,43.6,12,-4.2,16.5,-6,411,38,27,10,113,97,101,97
"211",-109.606823,38.795781,"1",11.4,15.8,3.6,955,34.5,-9.2,43.7,18.3,-1.1,23.7,-1.1,243,28,12,21,77,49,60,49
"212",-105.553405,36.372822,"1",6.8,17.9,4.3,788.7,27.4,-13.6,41,16.2,-3.5,16.9,-3.5,390,70,18,50,172,55,167,55
"213",-109.601809,38.789064,"1",11.3,15.7,3.6,949.9,34.3,-9.1,43.4,18.2,-1,23.6,-1,245,28,12,21,78,50,61,50
"214",-112.04911,35.359271,"1",8.4,15.5,4.4,695.1,27.4,-7.3,34.7,17.2,11.1,17.6,0,522,75,14,39,185,63,156,144
"215",-104.841122,31.895515,"1",11.9,14.4,4.6,620.7,27.6,-3.6,31.2,19.9,7.8,19.9,3.9,284,55,5,81,155,19,155,26
"216",-112.191523,35.237998,"1",8,15.2,4.5,680.7,26.5,-7.2,33.7,16.6,10.6,17,-0.2,575,83,14,40,204,66,172,162
"217",-104.878406,38.871484,"1",8,16.6,4.2,789,28.7,-10.5,39.2,18.5,-1.7,18.5,-1.7,427,73,9,60,194,34,194,34
"218",-112.147673,36.058908,"1",7.8,16.2,4.4,721.5,27.8,-8.5,36.3,16.9,10.6,17.3,-0.9,411,55,14,32,133,57,115,112
"219",-111.743005,40.627487,"1",4.4,13.6,3.7,790.7,25.1,-11.4,36.5,-4.2,14.9,14.9,-5.1,813,96,35,32,271,114,114,265
"220",-111.971626,36.233157,"1",5.9,14.8,4.2,707.3,25.1,-9.5,34.6,-1.8,8.6,15.3,-2.6,496,59,15,33,161,65,128,149
"221",-114.171578,35.452238,"1",14,14,4,740.3,33,-1.3,34.3,23.4,16.7,23.8,5.1,256,37,5,41,87,27,71,76
"222",-113.966133,35.13992,"1",15.1,14.8,4.2,740,34.2,-0.7,34.9,24.5,17.8,24.9,6.2,227,33,4,42,78,23,62,67
"223",-112.137373,36.058723,"1",7.8,16.2,4.4,721.5,27.8,-8.5,36.3,16.9,10.6,17.3,-0.9,411,55,14,32,133,57,115,112
"224",-111.197679,38.205617,"1",10.1,15,3.6,881.7,31.5,-9.3,40.8,20.8,-1.2,21.6,-1.2,206,32,10,37,81,34,68,34
"225",-112.1339,36.051314,"1",7.8,16.2,4.4,721.5,27.8,-8.5,36.3,16.9,10.6,17.3,-0.9,411,55,14,32,133,57,115,112
"226",-112.140026,36.056935,"1",7.8,16.2,4.4,721.5,27.8,-8.5,36.3,16.9,10.6,17.3,-0.9,411,55,14,32,133,57,115,112
"227",-111.543267,35.525765,"1",10.4,16.1,4.2,773.3,30.7,-7.1,37.8,19.9,13.8,20.5,0.7,354,53,10,39,133,44,109,87
"228",-112.082396,36.052289,"1",7.5,16,4.4,721.3,27.4,-8.7,36.1,16.6,10.4,17,-1.2,418,55,13,34,134,56,115,117
"229",-112.157622,36.067417,"1",7.8,16.2,4.4,721.5,27.8,-8.5,36.3,16.9,10.6,17.3,-0.9,411,55,14,32,133,57,115,112
"230",-112.136953,36.057239,"1",7.8,16.2,4.4,721.5,27.8,-8.5,36.3,16.9,10.6,17.3,-0.9,411,55,14,32,133,57,115,112
"231",-112.10958,36.062025,"1",7.6,16.1,4.4,720.4,27.5,-8.7,36.2,16.7,10.5,17.1,-1.1,415,55,14,33,133,57,115,114
"232",-109.315833,32.02933,"1",11.9,16.6,4.9,623.9,29.5,-3.9,33.4,19.2,15.1,20,4.1,544,115,9,67,272,45,236,123
"233",-110.534317,36.680602,"1",10.4,13.4,3.6,841.1,30.6,-6.6,37.2,20.7,14.2,21.5,-0.1,267,36,8,33,94,36,76,62
"234",-103.968884,36.780862,"1",8.5,16.2,4.3,759.2,27.6,-10,37.6,18.4,-1,18.4,-1,464,86,12,63,219,41,219,41
"235",-109.478331,36.130933,"1",10.6,16.6,4,853.7,32,-8.7,40.7,21,14.6,21.8,-0.2,251,37,8,40,96,33,78,53
"236",-104.377264,36.943564,"1",6.7,16.4,4.3,755.4,26,-12.1,38.1,16.6,-2.9,16.6,-2.9,491,86,16,57,223,54,223,54
"237",-103.968097,36.781466,"1",8.5,16.2,4.3,759.2,27.6,-10,37.6,18.4,-1,18.4,-1,464,86,12,63,219,41,219,41
"238",-103.970856,36.780802,"1",8.5,16.2,4.3,759.2,27.6,-10,37.6,18.4,-1,18.4,-1,464,86,12,63,219,41,219,41
"239",-106.263236,35.777894,"1",10.4,16,4.2,801.4,30.4,-7.6,38,20,0.3,20.8,0.3,344,62,15,51,157,51,143,51
"240",-110.730017,37.51782,"1",14.5,15.8,3.6,968.3,37.4,-6.2,43.6,21.4,19.6,27,1.9,126,16,5,30,46,23,34,25
"241",-110.532964,36.689009,"1",10.4,13.4,3.6,841.1,30.6,-6.6,37.2,20.7,14.2,21.5,-0.1,267,36,8,33,94,36,76,62
"242",-111.770255,34.807613,"1",15.1,17.1,4.6,732.4,35.2,-1.9,37.1,24.2,18.1,24.8,6.2,476,60,9,37,155,52,119,136
"243",-109.849548,38.31707,"1",11,15.7,3.6,928.4,33.7,-9.1,42.8,17.8,15.6,23,-1,248,29,10,25,83,47,64,53
"244",-111.741296,34.890788,"1",13.3,16.5,4.5,717.9,32.8,-3.2,36,22.2,16.2,22.8,4.5,550,66,11,36,172,62,136,163
"245",-103.979907,36.778203,"1",8.5,16.2,4.3,759.2,27.6,-10,37.6,18.4,-1,18.4,-1,464,86,12,63,219,41,219,41
"246",-107.760987,39.587447,"1",7.4,17.9,4,874.1,30.4,-13.5,43.9,13.9,-2,18.6,-4.1,378,37,25,11,106,85,91,85
"247",-107.799515,38.671332,"1",7.7,16.9,3.9,862.6,29.8,-12.5,42.3,14.2,-3.6,18.8,-3.6,347,37,20,19,108,71,90,71
"248",-106.221355,35.861182,"1",9.9,15.7,4.1,794,29.6,-8.1,37.7,19.3,-0.1,20.2,-0.1,358,65,16,52,164,52,150,52
"249",-106.223677,35.86001,"1",9.9,15.7,4.1,794,29.6,-8.1,37.7,19.3,-0.1,20.2,-0.1,358,65,16,52,164,52,150,52
"250",-105.887767,35.68966,"1",8.1,16.2,4.3,738.4,27.3,-9.7,37,16.9,-1.2,17.7,-1.2,450,83,22,55,211,68,197,68
"251",-109.446387,32.147135,"1",14.3,17.4,5,661.6,32.5,-2.3,34.8,22.2,17.6,23,6.1,426,90,7,69,217,33,186,95
"252",-105.365323,39.573842,"1",3.6,16.8,4.3,740.8,24,-14.2,38.2,13.4,-5.5,13.4,-5.5,476,67,17,41,180,60,180,60
"253",-107.85,39.96666,"1",5.1,17.6,4.1,843.6,27.8,-14.8,42.6,3.9,-5.7,16,-5.7,450,43,31,10,125,101,111,101
"254",-107.67472,35.27111,"1",6.7,16.6,4.4,745.9,26.4,-11.3,37.7,15.6,10.2,16.4,-2.8,414,74,18,50,186,57,159,82
"255",-104.96555,39.74555,"1",10.1,15.3,3.8,835.9,30.8,-8.6,39.4,18.6,-0.1,21.3,-0.1,404,67,13,46,162,44,135,44
"256",-111.83111,36.03194,"1",7.6,15.6,4.2,735.5,27.5,-8.8,36.3,16.8,10.7,17.3,-1.4,398,53,12,33,131,54,111,110
"257",-106.398475,35.086831,"1",9.1,15.8,4.2,748.4,28.6,-8.3,36.9,18,12.9,18.9,-0.3,445,73,23,45,191,74,172,85
"258",-110,40,"1",7.8,16.5,3.5,1023.5,31.8,-15.1,46.9,15.3,-6.2,20.6,-6.2,208,23,11,22,67,38,58,38
"259",-105,39,"1",2,15.8,4.2,755,21.7,-15.8,37.5,11.9,-7.3,11.9,-7.3,551,90,15,52,236,59,236,59
"260",-104.826976,31.898318,"1",13.7,15,4.5,654.6,30,-2.8,32.8,22.1,9.6,22.1,5.2,193,42,2,86,108,8,108,14
"261",-112.115135,36.062699,"1",7.6,16.1,4.4,720.4,27.5,-8.7,36.2,16.7,10.5,17.1,-1.1,415,55,14,33,133,57,115,114
"262",-111.98714,35.998637,"1",7,15.7,4.4,713.7,26.6,-9,35.6,16,9.9,16.5,-1.6,444,58,14,33,143,59,123,126
"263",-111.816621,36.035896,"1",7.6,15.6,4.2,735.5,27.5,-8.8,36.3,16.8,10.7,17.3,-1.4,398,53,12,33,131,54,111,110
"264",-104.9656,39.7456,"1",10.1,15.3,3.8,835.9,30.8,-8.6,39.4,18.6,-0.1,21.3,-0.1,404,67,13,46,162,44,135,44
"265",-112.17,40.65,"1",5.7,13.2,3.5,814.2,26.9,-10.3,37.2,-0.3,16.6,16.6,-4.1,698,83,32,27,223,106,106,208
"266",-114.1592,38.9124,"1",8.1,17.5,4.2,806.5,31.1,-10.3,41.4,6.1,-0.6,19,-1.6,319,35,19,18,96,63,79,64
"267",-104.935,36.8831,"1",5.8,17.5,4.3,771.9,25.9,-14,39.9,15.7,-4.2,15.7,-4.2,430,75,15,55,191,50,191,50
"268",-104.935,36.8831,"1",5.8,17.5,4.3,771.9,25.9,-14,39.9,15.7,-4.2,15.7,-4.2,430,75,15,55,191,50,191,50
"269",-104.9656,39.7456,"1",10.1,15.3,3.8,835.9,30.8,-8.6,39.4,18.6,-0.1,21.3,-0.1,404,67,13,46,162,44,135,44
"270",-109.1755,40.89433,"1",7.5,17.2,3.9,893.8,31.3,-12.5,43.8,11.8,-4,19.1,-4,239,29,9,29,79,36,62,36
"271",-107.2224,39.420258,"1",6.1,17.9,4,881.3,29.4,-14.7,44.1,12.9,-3.4,17.4,-5.4,411,38,27,9,111,97,98,98
"272",-109.73621,38.486344,"1",11.5,15.9,3.6,938.1,34.4,-8.9,43.3,18.3,16.2,23.6,-0.7,244,29,11,22,79,50,61,52
"273",-105.835542,32.950923,"1",11.2,14.9,4.5,653.6,27.8,-4.6,32.4,18.7,10.5,19.7,3,458,90,11,64,234,53,213,80
"274",-106.961225,40.295526,"1",3.9,17.2,4,874.3,26.6,-15.6,42.2,-5.8,-5.9,15,-7.5,492,46,36,6,128,119,122,123
"275",-108.953888,38.702613,"1",10.4,15.4,3.6,900.2,32.3,-9.5,41.8,17,-1.3,22,-1.3,310,34,15,21,96,64,77,64
"276",-104.698083,36.799667,"1",7,17.2,4.4,758.5,26.6,-12.2,38.8,16.8,-2.7,16.8,-2.7,431,80,13,64,205,42,205,42
"277",-106.286252,35.097683,"1",9.5,16,4.2,762.3,29.3,-8.2,37.5,18.5,13.5,19.5,-0.1,418,69,22,47,182,73,164,75
"278",-105.672675,36.679916,"1",6.8,18,4.2,839.3,28.2,-14.5,42.7,16.7,-4.4,17.4,-4.4,312,56,13,48,138,44,130,44
"279",-112.1174,36.06628,"1",7.6,16.1,4.4,720.4,27.5,-8.7,36.2,16.7,10.5,17.1,-1.1,415,55,14,33,133,57,115,114
"280",-112.1184,36.04881,"1",7.6,16.1,4.4,720.4,27.5,-8.7,36.2,16.7,10.5,17.1,-1.1,415,55,14,33,133,57,115,114
"281",-112.128,36.05361,"1",7.8,16.2,4.4,721.5,27.8,-8.5,36.3,16.9,10.6,17.3,-0.9,411,55,14,32,133,57,115,112
"282",-111.959953,36.039246,"1",10.7,16.5,4.3,778.9,31.4,-6.8,38.2,20.3,14.1,20.9,1,297,43,10,34,102,42,87,75
"283",-105.923033,35.700168,"1",9.2,16.4,4.3,773.2,28.8,-9,37.8,18.4,-0.5,19.3,-0.5,395,74,19,57,189,58,175,58
"284",-109.577636,38.71525,"1",11.8,16,3.6,951.9,35,-8.8,43.8,18.7,-0.6,24.1,-0.6,241,28,11,21,75,49,58,49
"285",-105.562477,36.544949,"1",3.7,17.2,4.4,745.2,23.6,-15.4,39,12.7,-5.9,13.3,-5.9,511,84,28,42,206,86,200,86
"286",-109.44504,38.43991,"1",10.6,15.5,3.6,910.5,33.1,-9.1,42.2,17.4,15.1,22.5,-1.1,288,33,12,21,91,57,71,63
"287",-111.963528,36.170115,"1",5.8,14.8,4.3,702.4,24.9,-9.5,34.4,-1.9,8.5,15.1,-2.6,504,60,15,33,163,65,130,152
"288",-107.891663,39.658084,"1",5.3,17.1,4,837.1,27.6,-14.4,42,4.2,-5.4,16.2,-5.4,446,43,29,11,124,100,107,100
"289",-105.184717,40.768467,"1",7.6,15.4,3.9,805,28.5,-10.1,38.6,15.9,-2.2,18.4,-2.2,375,63,10,52,162,32,137,32
"290",-108.15874,33.03598,"1",10.7,19.3,5.2,676.3,29.9,-7.1,37,18.9,13.9,19.6,2.3,437,88,10,70,232,42,195,81
"291",-112.120556,36.055,"1",7.6,16.1,4.4,720.4,27.5,-8.7,36.2,16.7,10.5,17.1,-1.1,415,55,14,33,133,57,115,114
"292",-108.15874,33.03598,"1",10.7,19.3,5.2,676.3,29.9,-7.1,37,18.9,13.9,19.6,2.3,437,88,10,70,232,42,195,81
"293",-113.64,36.07,"1",12.6,15.3,4.2,754.4,32.6,-3.4,36,22.2,15.5,22.7,3.6,320,44,9,37,105,41,89,91
"294",-113.56,36.37,"1",11.8,15.1,4.1,753.5,31.8,-4.2,36,3.8,14.7,21.9,2.8,358,46,10,34,113,48,94,103
"295",-108.65,39.04,"1",10.1,14.6,3.5,918.9,32.2,-9.3,41.5,16.9,-1.7,22.1,-1.7,300,32,17,18,92,61,75,61
"296",-111.66,39.19,"1",5.9,15.8,3.9,835.1,27.7,-12.5,40.2,12.5,9.4,16.9,-4.6,352,34,21,11,96,80,84,86
"297",-112.3,38.09,"1",6,18.4,4.4,791.8,28.4,-13.2,41.6,15.9,9.3,16.4,-3.9,332,45,17,25,111,70,96,71
"298",-111.98,40.44,"1",8.4,14,3.5,863.8,30.6,-8.7,39.3,7.1,19.9,19.9,-2.4,549,62,26,24,173,88,88,148
"299",-105.7194,38.0325,"1",5.6,17.4,4.2,821.7,26.6,-14.8,41.4,15.3,-5.1,16.1,-5.1,285,52,9,54,129,32,122,32
"300",-106.55366593692,34.7826946855782,"0",12.5,17.9,4.4,813.4,33.2,-6.9,40.1,22.1,4.2,23.1,2.1,250,46,11,54,116,36,102,37
"301",-115.813262827375,35.0261029994508,"0",19.8,14.6,3.9,804.8,39.8,2.7,37.1,29.8,23.3,30.4,9.9,115,19,1,47,42,10,33,36
"302",-108.415721054922,36.6651911166723,"0",10.9,16.8,4,879.5,32.8,-8.9,41.7,17.4,15.2,22.2,-0.5,230,33,8,37,86,35,68,50
"303",-107.090574917562,40.931769636475,"0",3.3,15.7,3.9,847,25.4,-14.5,39.9,1.9,-7.3,14.3,-7.3,455,44,32,8,126,104,113,104
"304",-102.835022784889,36.287047096148,"0",12.6,16.6,4.1,828.2,32.5,-7.2,39.7,23.4,2.1,23.4,2.1,390,67,7,68,186,24,186,24
"305",-112.004185558945,41.0860205401355,"0",10.2,12.8,3.2,900.4,32.3,-7,39.3,9,22.1,22.1,-1.2,490,61,18,28,165,75,75,129
"306",-113.029408036351,40.2650717491767,"0",10.8,14.4,3.4,951.6,34.1,-8.2,42.3,15.1,-0.2,23.4,-1.1,191,23,13,20,63,41,46,41
"307",-114.589574893991,34.4437820027067,"0",22.1,14.2,3.9,810,41.4,5,36.4,13.8,25.6,32.7,12.1,126,18,1,46,43,9,30,43
"308",-108.09714118339,41.8632943635301,"0",5.1,15.6,3.6,932.6,28.7,-13.8,42.5,9.5,-6.8,17.3,-6.8,206,31,8,38,76,27,64,27
"309",-108.304592851172,40.6457155142343,"0",5.6,18.5,4,932.2,30.1,-16.1,46.2,5.2,-6.7,17.6,-6.7,299,32,16,20,87,53,76,53
"310",-106.415844956268,39.0458654206863,"0",0.3,16.1,4,819.5,20.7,-19.1,39.8,10.4,3.7,10.9,-9.9,493,58,33,19,155,109,147,116
"311",-110.072525185868,32.0096111571957,"0",15.8,17,4.9,668.1,33.7,-0.9,34.6,23.8,19.1,24.5,7.5,366,87,5,82,207,26,180,72
"312",-112.429717061895,37.4901758807156,"0",5.1,16.8,4.3,758.3,26.1,-12.5,38.6,14.7,8.1,15.1,-4.3,416,53,16,26,131,68,111,109
"313",-105.346311480421,35.8710980890476,"0",7.8,17.4,4.7,689,26.8,-10.2,37,16.1,-0.8,16.8,-0.8,462,91,16,64,227,53,223,53
"314",-113.70797982602,41.3933530793795,"0",9.5,14.8,3.5,915.9,32.9,-9.2,42.1,13.7,-2.1,21.6,-2.1,210,30,12,28,75,38,59,38
"315",-104.137267770288,30.8042046861058,"0",15,15.7,4.7,634.5,31.1,-1.9,33,21.8,11.1,22.9,6.6,361,66,8,73,192,27,177,32
"316",-111.240891585058,39.8152321275136,"0",2.5,14.3,3.6,839.2,23.4,-15.8,39.2,-6.9,10.7,13.5,-8.1,522,53,29,15,153,106,112,149
"317",-107.403108817412,38.8150871873211,"0",-0.8,15.6,4,787.3,18.9,-19.7,38.6,8.9,2.2,9.3,-10.6,660,69,35,16,184,133,164,170
"318",-116.324094331638,36.9543540897487,"0",10.9,14.8,4,765.1,31,-5.4,36.4,3,13.9,21.2,1.7,222,28,8,31,76,36,52,74
"319",-113.471847450301,33.5165528282071,"0",21,16.1,4.3,755.8,40.3,3.7,36.6,30.6,24.1,30.9,11.8,190,30,2,51,72,11,51,58
"320",-111.727593238747,35.1552740801715,"0",7.3,16.4,4.5,700.3,26.7,-9,35.7,16.2,10,16.6,-1.3,580,78,13,38,201,67,164,165
"321",-109.007437022364,37.7083212216954,"0",8.2,15.9,3.8,875.2,30.6,-11.2,41.8,14.9,12.2,19.6,-3,352,43,11,29,119,55,86,80
"322",-103.057127404012,40.6262278587508,"0",9.3,16,3.7,933,31.8,-11.3,43.1,18.8,-2.6,21.5,-2.6,423,81,8,71,225,26,190,26
"323",-103.918873739786,41.3933922314311,"0",8,16.1,3.9,864.3,30.1,-10.6,40.7,16.8,-2.6,19.5,-2.6,428,73,11,59,203,37,172,37
"324",-103.450855942598,36.2168629135735,"0",11.6,16.8,4.2,806.7,31.6,-7.8,39.4,22.1,1.3,22.1,1.3,388,74,6,72,194,22,194,22
"325",-107.541733236095,34.2838729253609,"0",8.4,18.6,4.8,720.8,28.1,-10.2,38.3,17,7.4,17.8,-0.7,344,75,10,75,193,39,160,50
"326",-110.215584135136,31.5423187393461,"0",16.9,16.1,4.8,644.7,33.9,0.5,33.4,24.4,20.2,25.1,8.7,362,98,4,95,224,22,196,63
"327",-101.792894279013,36.2198281354739,"0",13.3,16.1,3.9,870.4,33.6,-6.7,40.3,22.3,2.2,24.6,2.2,449,69,10,60,203,34,198,34
"328",-109.117091058416,42.0772310017859,"0",3,16,3.6,940.7,26.5,-16.9,43.4,7.6,-9.1,15.2,-9.1,252,35,14,26,86,48,69,48
"329",-110.050958639719,39.4637297926895,"0",7.8,14.9,3.5,938.9,30.3,-12.2,42.5,14.9,-4.3,20,-4.3,275,31,17,21,89,53,75,53
"330",-108.999131394651,30.7712487546189,"0",17.5,18.5,5,664.8,36.4,-0.6,37,24.9,21.6,25.8,9,375,100,5,83,212,30,190,69
"331",-104.603092703424,41.5374513841345,"0",7.6,15.5,3.9,820.6,29.2,-9.6,38.8,15.9,-2.3,18.7,-2.3,395,70,11,59,185,35,153,35
"332",-105.56357512173,32.2425827594295,"0",15.2,17.4,4.7,718.3,33.6,-3.1,36.7,23.4,10.9,24.5,6,269,53,6,70,143,22,128,34
"333",-107.799153989386,40.2298283684467,"0",4.4,17.3,4,856.8,27.1,-15.4,42.5,3.2,-6.6,15.5,-6.6,463,44,32,11,129,105,112,105
"334",-113.891760594317,35.5176518986007,"0",17.1,15.4,4.1,792,37.2,0.1,37.1,27.1,20.4,27.6,7.4,154,23,3,42,55,16,42,42
"335",-113.354442941639,35.1787354338279,"0",12.5,17.2,4.7,714,32.6,-3.9,36.5,21.6,15.1,22,3.9,326,55,8,46,127,34,107,86
"336",-117.652703582625,35.7455807326532,"0",18.3,16.9,4.2,809.5,39.5,-0.4,39.9,8.2,26.3,28.8,8.2,86,17,1,65,44,6,11,44
"337",-110.064057799935,35.9700151642712,"0",10,16.1,4,823.6,30.9,-8.6,39.5,20.1,13.6,20.7,-0.4,281,41,7,39,105,34,84,65
"338",-105.502732125132,33.1617942555148,"0",9.3,14.8,4.7,627.3,25.2,-6.2,31.4,16.5,8.5,17.4,1.3,507,106,13,71,272,61,253,81
"339",-111.804001922857,36.4204062026201,"0",11.7,15.8,4,829.2,32.9,-6.2,39.1,21.9,15.5,22.6,1.3,219,31,8,31,74,33,63,56
"340",-114.666443010768,36.3324640651871,"0",18.2,13.6,3.6,848.8,38.5,1.2,37.3,9.4,21.9,29.4,7.7,155,20,3,38,52,18,37,46
"341",-109.618394385418,32.9905093439605,"0",14.2,18.4,4.9,716.7,33.6,-3.7,37.3,22.9,17.6,23.6,5.3,400,72,8,59,187,32,156,96
"342",-112.086513428578,39.6124893161177,"0",9.4,16.4,3.8,895.5,33,-9.6,42.6,8.1,21.2,21.2,-1.9,341,37,19,18,105,63,63,87
"343",-107.421412116437,37.1308284185849,"0",5.5,18,4.2,810.7,27.1,-15.2,42.3,15.4,9.1,15.9,-5,548,69,22,26,176,87,146,134
"344",-117.559215820629,35.170226798565,"0",17.2,15.7,4.1,771.1,37.9,0.4,37.5,9.3,24.7,27.4,7.9,99,18,1,59,46,7,12,46
"345",-112.493512051488,39.563900426864,"0",10.3,16.3,3.7,936.6,34.4,-9.5,43.9,9.3,22.7,22.7,-1.5,221,27,13,23,76,40,40,51
"346",-112.177127829992,39.8872472829488,"0",8.8,15.4,3.7,877,31.7,-9.6,41.3,7.4,20.4,20.4,-2.2,364,39,23,16,112,73,73,86
"347",-112.433179184509,38.1022456733094,"0",4.4,17.7,4.3,774.5,26.2,-14.1,40.3,14.1,7.5,14.6,-5.2,428,52,20,22,129,88,113,100
"348",-110.246359429543,33.7412794183972,"0",13.9,17.3,4.6,720.7,33.3,-3.8,37.1,22.8,17,23.2,4.9,448,78,11,49,182,40,152,116
"349",-103.302239340993,41.3270316135808,"0",8.4,16.2,3.8,894.7,30.7,-11.2,41.9,17.6,-2.7,20.3,-2.7,432,77,9,65,219,30,186,30
"350",-104.055498677538,36.3243529580399,"0",10.2,17.3,4.3,785.3,30.1,-9.3,39.4,20.3,0.1,20.3,0.1,388,79,7,76,201,23,201,23
"351",-115.458589289317,37.1827998659718,"0",13.8,16.6,4.2,796.9,35,-4,39,5.7,17.3,24.4,4,181,20,6,25,56,32,44,51
"352",-109.15539941917,40.0890196662015,"0",8.1,17.3,3.5,1037.8,33.1,-15.2,48.3,15.6,-6,21.2,-6,243,29,13,22,75,43,61,43
"353",-105.612264791774,36.9268205001979,"0",6.1,18.2,4.2,852.6,27.6,-15.7,43.3,16.1,-5.3,16.8,-5.3,294,52,11,50,130,38,123,38
"354",-112.90024485967,40.1208555449125,"0",10.8,14.9,3.4,950.6,34.3,-8.5,42.8,15,22.6,23.3,-1.1,189,22,13,18,60,42,44,42
"355",-102.876311296977,36.2387213510528,"0",12.6,16.6,4.1,827,32.5,-7.2,39.7,23.4,2.1,23.4,2.1,388,67,7,68,186,24,186,24
"356",-108.051384716867,40.3852035917961,"0",4.9,18.3,4,902.1,28.8,-16.4,45.2,4.2,-6.9,16.5,-6.9,384,38,23,14,110,78,95,78
"357",-112.495645188019,35.9625869595985,"0",10.9,16.9,4.4,751.2,31.5,-6.1,37.6,20.3,13.9,20.8,1.7,337,50,11,36,119,45,102,87
"358",-102.229045440159,37.942477764134,"0",11.6,17.6,3.9,940.3,34,-10.4,44.4,21.4,-0.4,23.9,-0.4,384,64,7,65,187,24,176,24
"359",-103.669655114897,32.4080887502052,"0",16.3,16.6,4.5,741.7,34.1,-2.7,36.8,24.5,8.4,25.6,6.6,348,64,9,64,167,30,149,32
"360",-110.504082967572,38.4363553920842,"0",10.9,16.9,3.7,960.5,34.4,-10.7,45.1,22.3,-1.6,23.2,-1.6,180,25,9,32,66,31,54,31
"361",-106.415854595774,32.3794320817624,"0",16.2,18,4.6,771.7,35.3,-3.2,38.5,25.1,15.8,26.1,6.3,237,50,5,72,127,20,111,36
"362",-109.088230598781,31.2338431643162,"0",16,18.5,5,664.9,34.8,-2.2,37,23.5,20.1,24.4,7.6,354,88,5,80,199,26,172,68
"363",-106.742897733962,37.2893074819739,"0",1.9,16.4,4.3,753.2,21.4,-16.6,38,11.2,5.1,11.6,-7.5,722,84,33,23,219,119,188,181
"364",-112.266101024058,38.1962392991897,"0",8.3,18.3,4.3,810,31.1,-10.9,42,18.4,-1.8,19.1,-1.8,245,35,13,28,87,48,74,48
"365",-112.772187010265,40.3158801056913,"0",10.2,14.2,3.4,929.1,33.1,-8.4,41.5,9,21.9,22.5,-1.4,247,29,16,19,80,52,54,54
"366",-109.202157781316,34.7573178390712,"0",11,18.5,4.6,790.6,31.8,-8.2,40,20.7,14.7,21.3,1,268,53,9,60,130,30,108,45
"367",-111.894597288039,38.2373235542526,"0",2.8,16.1,4.2,760.6,23.4,-14.9,38.3,12.4,5.7,12.8,-6.5,436,56,22,23,140,84,123,103
"368",-103.92907152834,34.8958926695045,"0",13.7,16.6,4.3,789.9,32.9,-5.5,38.4,23.9,3.5,23.9,3.5,389,73,8,68,194,30,194,30
"369",-105.546044686551,42.3929656968758,"0",4.3,14,3.8,800.6,25.4,-11.4,36.8,7.6,-5.4,15.1,-5.4,405,67,16,47,170,50,132,50
"370",-110.819092134747,31.9459462702773,"0",18.6,16.3,4.7,676.7,35.9,1.7,34.2,26.7,21.8,27.3,10.2,371,83,4,75,195,21,162,83
"371",-110.877525501807,32.7886696898777,"0",17.6,14.5,4.3,696,34.9,1.8,33.1,25.9,20.8,26.6,9,498,81,9,51,195,36,161,146
"372",-115.744992082592,38.2914801015045,"0",11.3,17.7,4.2,815.6,33.7,-7.7,41.4,6.2,19.4,22,1.1,203,20,12,13,57,45,49,51
"373",-112.727095574081,42.2547369833141,"0",6.4,15.5,3.7,871.4,29.8,-11.5,41.3,10.2,17.2,17.7,-4.8,381,45,25,17,115,77,88,96
"374",-103.597301848627,38.4371016823194,"0",10.2,18.2,4,936.1,33.1,-12,45.1,20,-1.7,22.4,-1.7,306,63,7,69,148,21,145,21
"375",-102.84107775928,39.5592850730429,"0",9.8,16.6,3.8,912.3,32.1,-10.6,42.7,19.1,-1.7,21.7,-1.7,408,73,8,67,205,25,184,25
"376",-111.719669577422,39.059835752273,"0",8.3,17.3,4,859.1,31.2,-11.2,42.4,7.4,19.5,19.5,-2.8,268,27,16,14,76,60,60,60
"377",-103.827027483636,41.6941007749703,"0",8.4,16.3,3.8,896,30.7,-11.3,42,17.6,-2.8,20.3,-2.8,385,71,9,63,191,29,153,29
"378",-109.650533033013,31.4823563427499,"0",16.7,18.2,5,677,34.9,-1.3,36.2,24.6,20.2,25.3,8.1,313,86,4,94,193,21,173,53
"379",-111.062963588401,33.9450521179946,"0",11.7,16.4,4.6,681.6,30.5,-4.6,35.1,20.4,14.3,20.8,3.5,621,93,11,46,222,51,181,184
"380",-104.211706449179,35.32616065129,"0",14,16.8,4.2,812.6,33.6,-6,39.6,24.5,3.5,24.5,3.5,357,67,9,67,177,30,177,30
"381",-107.346293995709,31.110380960348,"0",17.1,19.1,4.9,722.9,37,-1.4,38.4,25.2,16.8,26.3,7.9,239,58,3,94,154,14,119,29
"382",-108.555271455139,42.0741452321528,"0",4.8,15.8,3.6,934.7,28.3,-14.5,42.8,9.3,-7.1,17,-7.1,227,35,12,34,84,38,62,38
"383",-102.691126126005,37.0704400567126,"0",12.1,16.9,4.1,853.1,32.9,-8,40.9,20.9,1.3,23.2,1.3,402,69,8,64,188,26,181,26
"384",-113.931053748731,36.4633317437382,"0",17.2,15.1,3.9,846.2,38.2,-0.4,38.6,8.5,20.9,28.4,6.8,199,25,4,36,69,24,45,61
"385",-104.553754774666,31.4111490799914,"0",15.5,15.9,4.6,683.1,32.4,-2.1,34.5,23,11.4,24.1,6.5,260,50,5,77,136,15,128,24
"386",-109.460958285301,37.5784770071721,"0",10.9,15.6,3.7,902.2,33.3,-8.3,41.6,17.6,15.1,22.7,-0.6,291,34,9,27,94,44,69,77
"387",-114.51207061365,39.2947830810541,"0",6.6,17.2,4.2,792,29.3,-11.4,40.7,4.7,-1.9,17.3,-2.9,320,33,22,13,95,67,79,68
"388",-102.218890094083,37.0846896122334,"0",12.4,17,4,886.7,33.7,-8.3,42,21.6,1.1,24,1.1,409,67,8,63,193,25,183,25
"389",-108.698374852794,31.2509304520882,"0",15,18.1,4.9,649.6,33.8,-2.5,36.3,22.1,19.2,23.1,6.8,373,86,5,74,204,29,174,72
"390",-103.942200005069,31.1091879594268,"0",17.3,17.7,4.8,699.4,34.9,-1.3,36.2,25,10,26.2,8.2,321,60,8,63,153,31,131,36
"391",-115.782129848421,34.1650085463541,"0",21.8,15.5,4.2,771.9,41.3,4.5,36.8,31.4,25.2,31.9,12.3,88,16,0,52,36,5,26,27
"392",-108.074787736015,38.5637591614538,"0",9.8,16.5,3.9,879.8,32,-10.2,42.2,16.3,-1.7,21.1,-1.7,264,31,13,27,92,46,72,46
"393",-117.735468051795,35.4779295088823,"0",16.4,15.3,4.1,755.6,36.8,0.3,36.5,8.6,23.8,26.4,7.3,143,26,1,73,72,7,13,70
"394",-115.661242772002,38.8851127651071,"0",9.5,17.7,4.2,812.6,32.1,-9.4,41.5,8.3,0.1,20.2,-0.7,225,22,15,12,66,49,56,49
"395",-101.934163683196,35.1912949466156,"0",13.9,15.7,4,818.5,32.8,-5.7,38.5,24.4,3.3,24.4,3.3,487,84,12,61,224,40,224,40
"396",-104.191827791532,34.0274111930996,"0",15,18.2,4.5,789.3,34.5,-5.3,39.8,24,6.7,25.1,4.8,344,64,9,65,167,30,163,32
"397",-109.335895508165,39.1465466026129,"0",10.6,15.9,3.5,971.5,33.8,-10.5,44.3,17.6,-2.2,23,-2.2,244,27,14,19,75,49,60,49
"398",-106.615780412908,39.6430860404288,"0",4.1,18.1,4.1,872.9,27.1,-16.6,43.7,14.5,-5.7,15.2,-7.4,361,40,21,18,115,75,110,75
"399",-116.273339590636,35.3988407697167,"0",19.7,15.8,4,830.9,40.5,1.1,39.4,11.3,23.4,30.5,9.3,86,13,1,44,31,8,23,30
"400",-107.031787666835,33.4069801492999,"0",14.9,17.6,4.5,773.4,34.2,-4.1,38.3,23.8,10.3,24.9,5,238,50,6,74,131,21,109,31
"401",-111.132878804114,40.7005048500488,"0",1.1,13.1,3.7,767.6,20.9,-14.4,35.3,-7.4,11.4,11.4,-7.9,736,83,39,25,236,125,125,232
"402",-108.703033177506,40.4209535717471,"0",5.2,16.7,3.8,894.5,28.4,-14.7,43.1,4.1,-6.3,16.9,-6.3,342,35,19,18,99,63,87,63
"403",-103.758036749007,33.5806746467644,"0",14.2,17.7,4.5,765.9,33,-5.7,38.7,22.9,5.9,23.9,4.2,386,70,10,66,189,33,184,33
"404",-103.20245490854,34.5948431032046,"0",13.6,16.6,4.3,773,32.4,-5.5,37.9,23.5,4.6,23.5,3.6,404,68,11,65,198,35,198,35
"405",-104.456555035037,34.0623756533999,"0",14.8,18.3,4.6,781.7,34.3,-5.3,39.6,23.8,6.6,24.8,4.7,333,64,10,65,162,31,156,33
"406",-110.551791406036,36.9741675213663,"0",11.9,13.3,3.4,883.3,32.5,-5.9,38.4,22.6,16.1,23.5,0.7,207,28,7,32,73,30,59,47
"407",-106.090824844557,32.2596349329469,"0",16.3,17.4,4.6,759.9,35.1,-2.5,37.6,25,11.8,26,6.6,252,51,5,68,134,20,119,37
"408",-109.49783765906,33.9774880782192,"0",5.3,16.1,4.7,631.7,23,-10.6,33.6,13,7.9,13.6,-2.5,679,114,19,52,297,70,251,157
"409",-106.33957672954,34.4009488429343,"0",11.1,17.5,4.5,765.8,31.1,-7.3,38.4,20.1,3.1,21.1,1.4,345,65,16,59,169,50,148,55
"410",-104.231232086814,31.6333048342348,"0",17.3,16.8,4.6,722.5,34.9,-1.3,36.2,25.3,13.2,26.5,7.9,289,58,7,67,141,25,124,30
"411",-113.563498289561,37.6592865322686,"0",9.2,16.3,4.1,813.1,30.8,-8.8,39.6,0.8,12.7,20,-1,342,41,12,24,103,61,77,89
"412",-102.603322599528,36.80494557301,"0",12.3,16.9,4.1,849.6,33,-7.8,40.8,21.1,1.6,23.5,1.6,415,69,9,63,190,28,189,28
"413",-105.020847760432,37.0486476492666,"0",5.1,17.3,4.3,783.3,25.4,-14.7,40.1,15.2,-5.1,15.2,-5.1,435,73,16,49,184,56,184,56
"414",-113.598704874852,35.9579542316453,"0",15.4,15.9,4.2,786.5,35.9,-1.6,37.5,25.2,18.6,25.8,5.8,238,35,6,39,81,29,67,66
"415",-115.965014934752,36.3892199599345,"0",14.3,15.4,4.1,783.9,34.5,-2.8,37.3,6.2,17.5,24.7,4.7,180,24,5,38,64,25,45,63
"416",-112.201376267972,32.7884075187182,"0",20.2,16.4,4.5,748.1,39,2.7,36.3,29.5,23.4,30,11,267,50,4,56,111,16,90,76
"417",-106.490447466948,39.0590842251012,"0",-1.3,14.6,3.9,790,18,-19.3,37.3,8.5,1.7,9,-10.9,616,65,38,16,177,135,167,156
"418",-107.167756660536,34.8132316344245,"0",11.1,17.7,4.5,773.4,31.4,-7.7,39.1,20.3,6.3,21.2,1.3,279,56,12,62,141,40,119,42
"419",-112.376049311778,33.7954138931519,"0",20.2,16.6,4.5,733.7,39.4,3,36.4,12.5,23.1,29.9,11.4,305,42,4,48,104,20,74,101
"420",-115.002493872537,37.4906364276259,"0",9,15.6,4.1,756.8,29.8,-7.6,37.4,1,11.9,19.2,0,334,37,12,25,105,58,77,98
"421",-105.997091935855,31.867482886795,"0",14.9,16.8,4.6,721,33.1,-2.9,36,23.1,10.4,24.2,5.7,276,55,5,73,154,23,135,38
"422",-105.963331037544,33.3046577620489,"0",13.6,17,4.6,733.4,32.1,-4.5,36.6,22.1,9.1,23.1,4.3,318,62,9,64,163,38,144,49
"423",-109.638806515252,41.3230166001445,"0",6.2,16.3,3.8,906.6,29.5,-13.3,42.8,10.6,-5.4,18,-5.4,219,31,9,36,82,29,64,29
"424",-106.947606150602,34.4022005392021,"0",12.7,19.4,4.7,787.3,33.6,-7.4,41,22,4.6,22.9,2.6,232,49,9,67,121,27,101,30
"425",-103.989849515988,40.9593444788031,"0",7.8,17,4,881.3,30.6,-11.7,42.3,16.8,-3.1,19.5,-3.1,388,67,6,69,199,23,177,23
"426",-112.52779173189,38.345671304779,"0",5,17.7,4.3,784.2,27.2,-13.4,40.6,-0.5,12.7,15.4,-4.6,446,53,21,20,131,95,107,108
"427",-101.770843572597,37.5863948326795,"0",12.2,17.2,3.9,937.9,34.3,-9.7,44,21.9,0.1,24.4,0.1,398,66,7,66,191,23,180,23
"428",-107.248137676479,34.8757279227606,"0",12.1,18.1,4.5,795.3,32.8,-7.2,40,21.6,3.9,22.6,2.1,236,48,10,63,119,32,100,33
"429",-116.376020909316,35.5547005733494,"0",16.2,15.5,4,799.5,36.8,-1.2,38,8.1,19.6,26.8,6.4,145,20,3,43,55,16,34,54
"430",-110.365071066253,37.0620836347954,"0",13.3,13.7,3.4,917.1,34.5,-5.4,39.9,20.1,17.8,25.2,1.6,175,23,6,32,62,26,49,39
"431",-113.560057240928,41.3312802985299,"0",9.8,14.4,3.4,925.4,33,-9,42,14,-2,22,-2,211,30,12,28,75,38,59,38
"432",-106.866369586784,40.6903871600861,"0",2.6,16.1,4,832.1,24.5,-15.1,39.6,1.3,-6.7,13.4,-7.9,527,48,38,6,139,124,134,126
"433",-110.110122842063,39.7956607375806,"0",7.7,15.7,3.5,975.7,30.8,-13.7,44.5,14.9,-5.4,20,-5.4,239,26,14,21,77,45,66,45
"434",-114.161375055013,38.77737298423,"0",8.2,17.5,4.2,816.4,31.2,-10.4,41.6,6.5,-0.7,19.2,-1.7,302,33,18,17,89,60,75,61
"435",-104.309419653649,34.6009631419609,"0",13.8,17.2,4.4,788.8,33.1,-5.7,38.8,23,3.7,24,3.7,362,70,9,65,177,32,174,32
"436",-104.782922699426,38.6222071163449,"0",9.7,16.4,4.1,816,30.5,-9.2,39.7,20.5,-0.4,20.5,-0.4,387,68,9,62,182,31,182,31
"437",-107.293028577523,40.4989508708537,"0",5.6,17.4,3.8,932.1,29.5,-15.3,44.8,0.1,-4.8,17.4,-6.8,442,42,31,9,121,103,103,108
"438",-108.209211423903,36.7089037544731,"0",11.4,16.9,3.9,898.3,33.6,-8.7,42.3,18,15.8,22.9,-0.3,221,31,8,37,82,35,65,48
"439",-101.962662975806,35.771989392531,"0",13.6,15.8,3.9,855.9,33.5,-6.5,40,22.4,2.5,24.6,2.5,458,72,11,58,203,39,203,39
"440",-103.040924788783,39.590974725179,"0",9.6,16.6,3.9,905.8,31.9,-10.6,42.5,18.8,-1.8,21.5,-1.8,402,72,8,68,203,25,183,25
"441",-104.859045967419,32.2026207203542,"0",12.9,14.9,4.5,642.1,29,-3.4,32.4,20.1,8.7,21.1,4.6,266,51,5,78,142,18,140,24
"442",-111.827853823751,39.2442928089231,"0",8.2,17.2,4,864.9,31.4,-11,42.4,7.3,19.5,19.5,-2.9,309,32,17,15,90,61,61,76
"443",-107.542860823383,33.895829482057,"0",6.9,18,4.9,677.3,25.6,-10.7,36.3,15,5.8,15.8,-1.6,447,94,13,72,245,50,207,72
"444",-103.977584893346,31.4020582283098,"0",17.8,17.8,4.7,730.5,35.8,-1.4,37.2,25.9,10.1,27,8.3,297,58,7,64,141,28,121,33
"445",-108.531931821111,30.3876441893017,"0",13.9,17.4,5,622.5,32.1,-2.7,34.8,20.8,13.5,21.7,6,426,108,7,85,250,30,225,62
"446",-112.72840236383,41.1993784113047,"0",10.3,13.6,3.2,937.8,33.3,-8.2,41.5,14.5,22,22.7,-1.6,315,39,18,22,104,63,67,66
"447",-104.516193626804,30.3805379669596,"0",15.7,16.7,4.8,656.5,32.5,-2.2,34.7,22.7,11.9,23.8,7,326,65,6,80,185,22,169,28
"448",-107.153691683192,35.956028854077,"0",8.7,17.7,4.2,834.4,30.4,-11.3,41.7,18.8,3.5,19.5,-2.1,287,54,13,54,133,43,115,44
"449",-105.315074058901,36.974103934245,"0",-0.8,14.3,4.2,671.3,16.7,-16.9,33.6,7.4,-7.6,7.9,-9.1,806,113,48,31,291,155,283,157
"450",-105.213937751516,34.4353300781105,"0",11.8,17.6,4.5,760.4,31.6,-6.8,38.4,20.7,3.6,21.6,2,320,69,10,70,165,32,160,35
"451",-105.337816708263,33.0532273927543,"0",11.1,16.2,4.8,640.4,27.6,-5.7,33.3,18.4,6.8,19.4,2.9,428,90,12,72,233,47,214,57
"452",-105.627509187653,39.9554462827349,"0",-0.5,13.7,3.9,740.9,18.3,-16.3,34.6,-2.6,0.4,9.3,-9.4,717,77,43,16,216,149,182,170
"453",-111.461470340558,42.0802921072332,"0",2.4,15,3.8,841,24.5,-14.9,39.4,0.8,12.9,13.4,-8,459,45,28,12,127,96,98,122
"454",-105.804417697187,41.566587529823,"0",5.1,15.2,3.9,818.8,26.8,-11.6,38.4,13.4,-5,16,-5,320,45,13,40,125,40,111,40
"455",-112.210560985127,38.3590811026495,"0",7.2,18.2,4.3,805.1,29.8,-11.9,41.7,17.2,-2.9,17.9,-2.9,286,37,15,23,94,60,81,60
"456",-105.20617080578,36.1453720587998,"0",5.7,17.4,4.7,683.7,24.6,-12.4,37,14.6,-2.9,14.6,-2.9,506,97,18,62,242,56,242,56
"457",-108.746817493602,32.8163906278573,"0",12.9,19.4,5.1,704.4,32.4,-5.4,37.8,21.5,16.1,22.1,4.1,409,78,9,63,202,33,167,92
"458",-105.894147433211,36.8414642578797,"0",5.5,18.1,4.2,836.3,26.9,-15.7,42.6,15.4,-5.5,16.1,-5.5,304,55,13,49,135,42,125,42
"459",-108.784774350714,34.2929475812211,"0",8.4,20.1,5,717.1,28.8,-10.7,39.5,17.3,11.5,17.8,-0.6,341,73,12,68,179,38,151,54
"460",-111.998282890329,38.3116457498346,"0",6.6,18.2,4.3,797.8,28.9,-12.8,41.7,16.5,-3.5,17,-3.5,259,39,15,32,96,48,83,48
"461",-108.462261274508,42.6091926230324,"0",5,15.3,3.5,943.3,28.4,-14.5,42.9,9.5,-6.9,17.4,-6.9,273,45,14,39,110,44,68,44
"462",-106.753821522128,33.4890228479768,"0",14.4,18.2,4.6,774.8,34.1,-4.9,39,23.4,9.9,24.4,4.5,252,52,7,68,134,25,114,35
"463",-107.231171052854,38.6801414170285,"0",-0.8,16.1,4,807.2,19.2,-20.5,39.7,9.1,2.5,9.5,-10.9,637,65,34,17,182,126,162,166
"464",-115.830251400576,38.7182856202173,"0",6.7,16.7,4.2,755.3,28.1,-10.9,39,5,2.2,16.7,-2.6,294,29,21,10,82,66,74,70
"465",-104.74219493033,37.9535141347608,"0",10,17.2,4.2,811.1,31,-9.3,40.3,20.7,-0.2,20.7,-0.2,393,60,13,46,156,48,156,48
"466",-116.160075830529,39.0395424744437,"0",7.2,16.6,4.2,752.9,28.6,-10.2,38.8,5.5,-1.1,17.1,-2.1,254,27,16,15,76,50,67,52
"467",-105.131254179366,36.2158333735092,"0",4.6,17.1,4.6,684.2,23.4,-13.4,36.8,13.5,-4,13.5,-4,542,100,21,57,249,67,249,67
"468",-115.460388294807,38.6877927509037,"0",10,18.1,4.3,812.8,32.8,-9.2,42,8.9,0.6,20.7,-0.2,220,22,15,11,63,49,54,49
"469",-104.240427709106,35.0783258554976,"0",13.9,17,4.3,794.2,33.4,-5.7,39.1,24.2,3.7,24.2,3.7,368,73,8,69,185,30,185,30
"470",-110.689375856632,39.1196637351568,"0",8.7,15.9,3.6,931,31.3,-12,43.3,19.8,-2.3,20.7,-3.4,224,29,14,28,79,42,68,42
"471",-107.940141440032,39.7837761349882,"0",4.4,16.9,4,827.6,26.4,-14.9,41.3,3,-6,15.2,-6,474,47,31,11,132,108,114,108
"472",-110.569061594475,35.8721340443591,"0",11.1,16.3,4,839.6,32.3,-7.7,40,21.4,15,22,0.4,232,36,6,40,90,29,72,52
"473",-110.844813036995,37.873402812325,"0",12.1,15.3,3.6,931.8,34.3,-8.1,42.4,23.2,16.8,24.2,0.1,169,24,7,32,62,30,50,32
"474",-114.735618563606,35.3555908033561,"0",19.9,13.2,3.6,822.1,39.3,3.4,35.9,11.4,23.4,30.6,9.7,136,19,2,41,47,13,34,43
"475",-103.138390148121,38.0988298576536,"0",11.7,18.2,4,947.2,34.5,-10.7,45.2,21.6,-0.4,24,-0.4,319,59,7,64,152,22,142,22
"476",-112.640660240444,33.8088495602987,"0",19.8,17.7,4.6,742.9,39.5,1.8,37.7,29.2,22.7,29.5,10.7,276,41,3,47,95,18,70,89
"477",-110.873573034042,34.7813924826281,"0",10.9,16.9,4.4,774.4,31.2,-7.2,38.4,20.5,14.2,21.1,1.2,383,62,9,47,158,40,128,90
"478",-105.649347852815,36.0659194418113,"0",2.6,15.5,4.5,647.3,20.4,-13.7,34.1,10.5,-4.1,11,-5.4,705,114,41,42,284,126,275,130
"479",-110.719529876572,41.0527504013834,"0",3,14.8,3.8,824,24.5,-14.1,38.6,1.2,13.9,13.9,-7.1,398,38,28,8,111,90,90,96
"480",-108.274710476627,39.3153230572759,"0",10,16.4,3.7,924.3,33.1,-11,44.1,16.8,-2.2,21.8,-2.2,294,32,18,17,88,59,69,59
"481",-107.520674666397,32.2200251135597,"0",15.8,18.8,4.8,769.6,35.2,-3.7,38.9,24.8,15.2,25.7,6,234,50,3,80,135,14,110,41
"482",-106.163930768327,38.2822420978576,"0",1.8,16.5,4,828,22.1,-18.5,40.6,11.7,-9,12.3,-9,433,62,26,31,160,85,150,85
"483",-112.886144631666,38.2558751341113,"0",7.5,17.7,4.2,821.4,30.3,-11.2,41.5,6.1,-1.7,18.5,-2.6,339,39,16,21,100,73,85,73
"484",-108.483075740254,41.3730435610959,"0",4.6,16.3,3.8,881.9,27.8,-14,41.8,13.5,-6.6,16.2,-6.6,240,31,12,26,80,39,70,39
"485",-114.184709339951,40.3724523029877,"0",7.8,16.6,3.9,855.8,31.3,-11,42.3,11.5,-2,19.2,-2.9,239,31,15,23,79,46,61,46
"486",-109.950968888194,34.6599827650094,"0",12,18.4,4.5,791.2,33,-7.2,40.2,21.8,15.6,22.4,2,278,53,9,56,131,31,106,50
"487",-103.29244586242,32.0178141934078,"0",17.7,17,4.4,764.5,35.6,-2.2,37.8,26.2,9.6,27.3,7.6,310,57,7,62,142,28,125,28
"488",-108.78989983323,33.9538701788426,"0",7,20.2,5.2,675.1,26.8,-11.6,38.4,15.4,9.9,15.9,-1.4,431,87,13,67,221,45,186,77
"489",-112.662135772471,38.3519538760262,"0",7.9,17.9,4.2,816.1,30.7,-11,41.7,18.1,-1.3,18.7,-2.2,317,36,16,19,93,69,81,69
"490",-109.382770121469,31.8816080174647,"0",12.7,16.6,4.9,623.2,30.3,-3.2,33.5,20,15.9,20.8,4.8,523,114,8,70,267,42,233,116
"491",-104.916498067078,37.2516273517011,"0",5.4,16.8,4.2,782.5,25.5,-13.9,39.4,15.5,-4.7,15.5,-4.7,453,73,17,47,187,60,187,60
"492",-110.921877410436,39.0630761097263,"0",8.9,16.4,3.7,933.9,31.7,-12.3,44,20,-2.1,20.9,-3.4,202,27,12,29,73,38,63,38
"493",-108.216269881928,39.148574746134,"0",7.3,15.7,3.8,856,29.1,-11.8,40.9,13.9,-3.6,18.5,-3.6,399,40,23,15,114,85,95,85
"494",-110.971656197307,31.5519195228445,"0",16.6,17.1,4.9,647.4,34.1,-0.2,34.3,24.4,19.5,25,8.5,449,112,4,82,249,24,212,95
"495",-108.901393621781,34.4442285080809,"0",9.4,19.7,4.9,739.1,29.9,-9.8,39.7,18.5,12.7,19.1,0.1,309,66,10,69,161,33,135,49
"496",-111.228621549648,36.8296011386292,"0",13.5,14.1,3.5,908.5,34.8,-5.1,39.9,24.4,18,25.3,1.9,111,17,5,33,41,19,35,26
"497",-103.751059757139,37.0957179548746,"0",10.6,17,4.2,813.6,31,-8.9,39.9,21.3,0.4,21.3,0.4,385,69,9,61,176,31,176,31
"498",-106.805568829686,41.8020049867279,"0",5.9,14.3,3.6,875.4,28.2,-11.1,39.3,9.7,-4.9,17.5,-4.9,284,40,14,31,102,44,76,44
"499",-111.117524791699,41.6398270572147,"0",2.5,16.1,3.9,861.1,25.3,-15.8,41.1,6.5,-8.4,13.7,-8.4,355,37,24,12,102,80,83,80
"500",-107.006644207564,31.8675278649386,"0",16.1,17.8,4.7,747.4,35,-2.4,37.4,24.7,15.7,25.7,6.7,239,51,4,79,137,18,113,36
"501",-106.965610063789,35.1937959259947,"0",12.4,17.3,4.3,819.1,33.2,-6.7,39.9,22.1,3.9,23.1,2.1,240,45,12,52,111,37,96,37
"502",-113.754706340387,36.8711771390567,"0",11.1,15.3,4.1,766.5,31.5,-5.3,36.8,3,14.1,21.4,1.9,373,47,10,31,125,54,84,112
"503",-111.074322599032,32.6642960655437,"0",19.3,15.6,4.5,712.8,37.1,2.6,34.5,27.9,22.5,28.5,10.5,421,68,8,50,169,31,138,120
"504",-109.257718559909,37.9863221019619,"0",7.7,15.2,3.7,856.3,29.3,-11,40.3,14.2,11.6,18.8,-3.3,380,43,14,26,123,62,96,92
"505",-108.305469799385,33.4701305815926,"0",6.4,19,5.2,652.8,25.3,-11.2,36.5,14.4,9.4,15,-1.7,518,102,15,65,266,53,225,99
"506",-112.427076780728,37.5567034645997,"0",5.9,17.4,4.3,770.1,27.3,-12.3,39.6,15.5,9,16,-3.7,369,49,15,26,122,62,103,91
"507",-104.236790853546,39.2083581347179,"0",8.2,16.5,4,840.7,29.6,-11.1,40.7,16.8,-2.2,19.3,-2.2,387,67,8,66,184,25,182,25
"508",-112.895261132009,37.1905642789942,"0",11.1,16.7,4.2,791.5,32.4,-6.8,39.2,2.8,14.3,21.6,1.4,372,42,12,28,122,58,84,112
"509",-101.078951913067,37.0815192214424,"0",13.4,15.9,3.8,907.4,34.4,-7,41.4,22.7,1.9,25.2,1.9,482,78,11,59,224,36,206,36
"510",-110.151655370543,30.4372569621331,"0",19.1,17.7,5.1,605.7,36.4,2.2,34.2,26.2,17.8,26.7,11.4,477,145,4,105,303,29,281,82
"511",-110.794697898256,35.005198434254,"0",12.7,17.2,4.2,835.8,33.9,-6.4,40.3,22.9,16.6,23.6,2.1,255,44,7,48,111,29,89,53
"512",-113.694926152965,35.9987452361158,"0",14.7,15.5,4.2,780.2,35,-1.9,36.9,24.5,17.8,25.1,5.2,256,37,6,38,86,31,71,71
"513",-105.234137314739,32.8643172410251,"0",12.4,16.9,4.8,651.2,29.3,-5.2,34.5,19.8,8.2,20.8,4,383,80,11,73,208,37,186,44
"514",-113.663664171005,37.7808243614227,"0",9.2,16.7,4.1,840,31.1,-9.6,40.7,19.5,12.9,20.1,-1.6,276,31,11,22,83,53,69,62
"515",-105.241395507927,36.8378629951602,"0",0.6,15.3,4.3,691.2,18.8,-16.4,35.2,9,-8.1,9.5,-8.1,708,105,39,36,267,127,262,127
"516",-111.287595083216,31.3014445939379,"0",17.4,17.7,5.1,641.3,34.9,0.5,34.4,25.3,20.1,25.7,9.5,429,106,5,87,249,24,212,95
"517",-108.866243010893,32.2548171953332,"0",15.5,19.4,5,746.1,35.2,-3.5,38.7,24.4,19.4,25.3,6.1,302,59,6,66,154,23,127,64
"518",-108.321116300337,37.0551738213774,"0",8.6,15.5,3.8,841.4,29.9,-10,39.9,18.9,12.4,19.6,-2.1,389,47,13,28,125,60,102,93
"519",-108.442521931988,35.9562445504003,"0",10.7,17.8,4.2,851.8,32.4,-9.1,41.5,21,14.9,21.8,-0.1,212,37,9,50,93,30,78,37
"520",-111.342142738671,40.2701473166486,"0",3.3,14.2,3.7,809.8,24.1,-14,38.1,-5.7,13.9,13.9,-6.8,664,72,33,25,214,111,111,212
"521",-103.748786000048,30.4469976224209,"0",15.9,16.9,5,623.9,32.1,-1.4,33.5,22.6,9.1,23.7,7.7,372,64,8,70,191,30,177,35
"522",-107.702646992677,39.441999178119,"0",7.1,17.4,4,865.8,29.7,-13.4,43.1,13.6,-4.2,18.2,-4.2,397,38,26,11,110,92,93,92
"523",-105.123311808167,37.8563538851131,"0",5.7,16.9,4.2,800.5,26.4,-13.8,40.2,16,-4.7,16,-4.7,431,70,15,46,174,56,174,56
"524",-106.456743645493,39.5242399460669,"0",0.3,15.4,4,792,20.6,-17.7,38.3,10.2,1.6,10.6,-9.4,514,54,33,15,149,114,143,126
"525",-111.301840035137,34.304157663413,"0",13.2,17.9,4.7,718.6,33.3,-4.1,37.4,22.2,16,22.7,4.4,549,81,10,43,195,51,157,159
"526",-106.958208993393,37.3938778004261,"0",2.6,17.9,4.3,800,23.4,-17.8,41.2,12.3,6.2,12.8,-7.7,589,74,27,25,193,99,164,136
"527",-109.001667129773,31.8806931306041,"0",16,18.9,4.9,719.6,35.3,-2.7,38,24.4,19.9,25.3,6.9,296,66,4,77,163,19,135,57
"528",-109.621760315959,38.6648653356574,"0",12.4,16.3,3.6,954.3,35.8,-8.4,44.2,19.3,0,24.7,0,230,28,11,23,73,45,56,45
"529",-101.237823380082,37.3061511807845,"0",12.8,16.2,3.8,929.7,34.2,-8.4,42.6,22.4,0.8,24.8,0.8,460,76,9,62,216,30,199,30
"530",-108.719464342936,42.1724091007123,"0",4.1,15.7,3.6,931.1,27.5,-15.2,42.7,8.6,-7.7,16.3,-7.7,254,38,14,29,92,47,65,47
"531",-104.785530961675,37.6798485512323,"0",10.2,17,4.3,785.5,30.9,-8.2,39.1,20.6,0.4,20.6,0.4,401,59,15,40,151,56,151,56
"532",-104.500616644117,33.0916619126609,"0",15.6,17.4,4.4,785.5,34.3,-4.4,38.7,24.5,7.4,25.6,5.4,314,57,9,64,155,30,140,33
"533",-109.960073679443,36.5138339834594,"0",11.4,15,3.7,866.6,32.5,-7.1,39.6,21.9,15.4,22.7,0.4,236,32,7,35,84,31,67,54
"534",-113.325822546278,34.3934853216709,"0",16.5,17,4.6,722.2,36.1,-0.2,36.3,25.8,19.1,26.2,8,340,52,5,45,118,26,92,105
"535",-112.966964766472,35.152638273481,"0",10.7,18,4.8,702.6,31,-6,37,19.6,13.4,20.1,2.2,389,67,11,48,157,42,135,100
"536",-104.39046738346,35.7528718783654,"0",11.6,17.7,4.4,792.5,31.4,-8.3,39.7,21.9,1.4,21.9,1.4,384,73,8,68,192,29,192,29
"537",-109.749626768253,42.3464214831997,"0",2.1,18.2,3.8,981.7,26.9,-20.5,47.4,12.1,-10.8,14.7,-10.8,227,33,11,35,83,35,71,35
"538",-102.499583629722,38.1417548125919,"0",11.5,18,4,940.8,34,-11,45,21.3,-0.6,23.6,-0.6,363,61,7,65,177,23,166,23
"539",-107.632254076201,32.5920740302868,"0",13.6,18,4.8,718.4,32.5,-4.6,37.1,22.1,12.9,23,4.6,328,69,5,76,184,22,153,55
"540",-107.698321497553,39.0458526973109,"0",0.1,15.2,4,774.1,19.8,-18.1,37.9,-6.3,3,10.1,-9.4,674,76,34,17,187,141,153,174
"541",-104.763680686919,39.6482613417862,"0",9.5,15.7,3.9,827.3,30.6,-9.1,39.7,17.9,-0.6,20.5,-0.6,413,69,12,52,180,40,158,40
"542",-113.624374097093,37.890749870002,"0",9.4,17.1,4.1,850.7,31.7,-9.7,41.4,19.9,13.1,20.5,-1.5,263,30,11,24,82,53,68,55
"543",-112.211189260374,36.0097963505042,"0",8.9,16.5,4.4,732.7,29.1,-7.7,36.8,18.1,11.9,18.5,0,378,53,13,34,126,52,109,101
"544",-106.695582453583,37.2240692169858,"0",0.2,14.8,4.2,700.3,18.3,-16.4,34.7,8.9,2.9,9.4,-8.2,926,102,41,23,266,150,230,246
"545",-106.041006385271,34.3696195485665,"0",11.1,17.4,4.5,756.6,31.1,-7,38.1,20,6.3,21,1.5,369,72,15,61,182,50,165,58
"546",-104.117135106505,32.8969296443533,"0",15.5,17.7,4.5,775.4,34.3,-4.6,38.9,24.3,7.4,25.4,5.4,340,60,9,65,167,30,148,32
"547",-114.606792646228,38.18770585394,"0",9.1,16.6,4.1,806.5,31.2,-8.9,40.1,3.6,12.3,19.9,-0.8,303,32,14,17,86,64,72,75
"548",-109.806042648964,31.0488240326243,"0",15.1,17.1,4.9,627.2,33.1,-1.4,34.5,22.2,14.1,23.1,7.1,443,120,6,92,260,40,245,79
"549",-116.53704870021,36.5588555191575,"0",18.5,16.2,3.9,867.9,39.9,-0.8,40.7,9.8,22.6,29.8,7.6,98,15,3,39,37,15,21,37
"550",-106.013044938844,34.6729820882241,"0",10.8,18.3,4.5,781.6,31.7,-8.1,39.8,20.1,2.6,21,0.8,328,62,14,57,157,44,142,49
"551",-113.969824797774,38.9080094044247,"0",9.5,17.7,4.1,853,33,-9.9,42.9,8.1,-1.1,20.9,-1.1,239,25,12,22,72,42,61,42
"552",-104.176051865696,38.4336681116635,"0",10.3,17.7,4.1,881.2,32.4,-10.6,43,21.9,-0.8,21.9,-0.8,308,59,6,69,152,21,152,21
"553",-106.251393071444,38.7387655263966,"0",-1.2,15,3.9,799.3,18.3,-19.8,38.1,8.7,2,9.2,-11.1,611,71,39,19,189,132,179,145
"554",-105.873714671175,40.4312711906884,"0",-0.2,14.4,4,756,19.5,-16.2,35.7,-2.2,0.9,9.7,-9.3,649,66,41,13,186,140,174,149
"555",-116.702096881164,35.6852125151334,"0",18.6,16,4,837.5,39.8,-0.1,39.9,10.2,22.4,29.6,8.2,93,14,2,46,37,10,21,36
"556",-113.995644896977,41.3988511069505,"0",8.5,15.4,3.6,902.9,32.2,-10.3,42.5,12.5,-3,20.4,-3,213,29,13,27,74,41,60,41
"557",-104.145474555263,34.5347063017443,"0",13.9,17.3,4.4,778.3,33.1,-5.5,38.6,23,4,24,4,371,71,9,67,182,31,180,31
"558",-104.601047799011,35.4540659644515,"0",12.4,17.7,4.4,782.5,32.2,-7.3,39.5,21.7,2.4,22.6,2.4,372,72,9,66,184,32,183,32
"559",-110.749807705648,34.5716346935826,"0",9.6,16.8,4.4,740.4,29.4,-8.1,37.5,18.8,12.7,19.4,0.4,455,74,10,49,191,45,155,108
"560",-104.43111189541,36.8794210442025,"0",9,16.5,4.3,764.3,28.5,-9.6,38.1,19,-0.5,19,-0.5,385,75,9,70,195,30,195,30
"561",-106.512149415908,39.2367286224326,"0",-1.4,14.3,3.8,780,17.9,-18.8,36.7,8.4,0.1,8.8,-10.8,622,64,38,16,174,137,165,160
"562",-110.64393050892,36.3867646609244,"0",11,14.5,3.7,848.5,31.6,-6.8,38.4,21.3,14.9,22.1,0.3,232,33,7,34,84,32,68,53
"563",-108.65278383393,31.3049763273984,"0",15.5,18.4,5,664.6,34.5,-2.3,36.8,22.8,19.7,23.8,7.1,345,80,4,77,191,24,160,67
"564",-104.339028575888,37.9184701414624,"0",10.8,17.7,4.2,852,32.5,-9.5,42,22,0.1,22,0.1,338,56,10,52,145,34,145,34
"565",-110.440437430109,39.3757941062102,"0",9.1,16.5,3.6,966.9,32.6,-12.4,45,16.2,-2.4,21.5,-3.6,219,26,13,23,73,41,62,41
"566",-110.447661781551,39.1862196609843,"0",9.4,16.5,3.6,959.9,32.8,-12,44.8,16.5,-3.2,21.7,-3.2,214,26,13,26,73,40,61,40
"567",-102.38217036113,35.3701751955063,"0",13.5,16.4,4.1,819.9,32.9,-6.4,39.3,24.1,3,24.1,3,470,74,13,57,211,42,211,42
"568",-109.721687179861,37.1934704960927,"0",12.6,16.5,3.8,929.5,35.2,-7.6,42.8,19.3,17.3,24.6,0.6,198,26,6,30,68,29,48,49
"569",-111.12397708325,34.1644079768533,"0",12.8,17.5,4.7,708.1,32.5,-4.3,36.8,21.8,15.6,22.2,4.2,544,81,10,43,194,48,157,155
"570",-103.048938719974,35.7485257566416,"0",12.8,17.1,4.2,818.5,32.6,-7.4,40,23.4,2.2,23.4,2.2,412,73,8,68,202,28,202,28
"571",-107.927608674375,36.2344032380128,"0",9.7,16.3,4,857.7,31.1,-9.6,40.7,20,13.8,20.8,-1.3,247,40,12,43,103,39,87,43
"572",-104.413360973464,31.8059935006749,"0",16.9,16,4.5,714.6,34.1,-1.2,35.3,24.8,12.7,25.9,7.5,278,56,6,70,138,22,123,27
"573",-106.938617140875,39.2043762806116,"0",0.2,16.2,4,825.5,20.9,-19.5,40.4,10.3,3.6,10.7,-10.2,529,53,33,14,149,113,138,138
"574",-107.649381996369,40.7185533150346,"0",4.5,17,3.9,902.6,27.9,-15.5,43.4,3.6,-5.5,16.2,-7.2,402,39,26,12,112,88,98,88
"575",-112.037370928649,34.8501440684841,"0",15.3,17.8,4.6,742.5,35.8,-2.3,38.1,24.6,18.4,25.1,6.2,401,58,9,40,147,44,116,104
"576",-106.29329570598,35.3438490144033,"0",11.6,16.7,4.2,813.8,32.1,-6.8,38.9,21.3,1.4,22.2,1.4,298,53,13,51,135,44,122,44
"577",-105.915451193395,34.6685542732659,"0",10.8,18.1,4.5,785.8,31.6,-8.1,39.7,20.1,2.5,21,0.7,321,64,12,62,159,39,145,44
"578",-105.455011706937,39.7958886097814,"0",2.7,15.8,4.3,729.7,22.6,-14.1,36.7,12.4,-6.1,12.4,-6.1,536,63,29,27,173,93,173,93
"579",-114.152311042612,33.4169705817049,"0",21.5,15,4.2,755.3,40.3,4.7,35.6,31,24.5,31.4,12.2,151,25,1,52,60,8,41,45
"580",-103.292981937511,34.3401497921679,"0",14,15.9,4.2,782.6,32.4,-4.9,37.3,24,3.9,24,3.9,397,68,10,66,197,33,197,33
"581",-114.161863123618,37.9789164696759,"0",8.4,16.1,4.1,802.1,30.2,-9,39.2,18.6,11.5,19.2,-1.3,334,36,13,20,96,66,80,82
"582",-105.248511281606,41.4674623280298,"0",5.8,14.8,3.9,803.5,26.9,-10.7,37.6,13.9,-3.9,16.6,-3.9,364,60,11,52,161,35,137,35
"583",-112.2343287095,34.5692792683082,"0",14,16.8,4.6,720.9,33.4,-2.9,36.3,23,16.8,23.5,5.2,450,75,10,48,181,44,149,117
"584",-108.469181591498,34.8126774921514,"0",8.2,18.8,4.7,754.1,28.9,-10.9,39.8,17.5,11.6,18.1,-1.3,350,66,13,54,162,42,136,68
"585",-108.443633977465,41.3631503006433,"0",4.8,16.5,3.9,885.9,28.2,-14,42.2,13.7,-6.5,16.4,-6.5,233,30,12,28,78,37,69,37
"586",-103.746858672127,36.9619126614102,"0",10.5,16.8,4.2,799.9,30.5,-8.7,39.2,20.9,0.4,20.9,0.4,400,73,9,63,185,31,185,31
"587",-106.727030431826,34.7474687295642,"0",13,19.1,4.6,823.6,34,-7.4,41.4,22.6,4.7,23.6,2.4,218,42,9,55,103,30,88,31
"588",-106.235032411313,36.206757414366,"0",10.3,17.4,4.2,826.6,31.4,-9.6,41,20.2,-0.4,21,-0.4,263,50,9,57,125,32,112,32
"589",-108.781599276008,36.6633826299077,"0",11.1,17.3,4,879.5,33.2,-9.1,42.3,17.6,15.4,22.4,-0.3,217,30,7,34,80,31,61,49
"590",-110.349123515833,39.2988014895726,"0",9.9,17.2,3.7,987.2,33.9,-12.4,46.3,17,-3.2,22.4,-3.2,200,23,12,24,67,37,55,37
"591",-103.289957003472,36.0741588360504,"0",12.5,17,4.2,815,32.6,-7.3,39.9,23,2,23,2,380,71,6,72,189,22,189,22
"592",-102.683056813429,35.9632382916772,"0",13,16.7,4.1,830.5,32.8,-7,39.8,23.8,2.4,23.8,2.4,415,69,9,65,197,29,197,29
"593",-112.21955772397,40.7907283844926,"0",11.3,11.7,2.9,932.5,33,-6.2,39.2,10.2,23.7,23.7,-0.5,382,50,20,28,134,69,69,77
"594",-107.371041562651,41.0541621306953,"0",4.5,16.1,3.8,890.8,27.4,-14.3,41.7,3.3,-6.9,16,-6.9,363,38,23,14,103,75,92,75
"595",-111.056712560325,33.6225264284353,"0",19.1,15.3,4.2,768.5,38,2.1,35.9,9.6,22.5,29.1,9.6,436,60,7,45,145,32,110,145
"596",-112.754419145555,39.541689284685,"0",10.2,16.6,3.7,943.6,34.4,-9.9,44.3,9.3,22.6,22.6,-1.8,189,24,12,23,64,38,38,40
"597",-113.391227997894,41.9840037420561,"0",5.6,14.7,3.6,836.1,27.8,-12,39.8,8.8,12.3,16.6,-4.8,373,45,25,17,114,78,96,92
"598",-110.458688989429,38.6252840040147,"0",10.8,17.3,3.7,969.6,34.6,-11.2,45.8,17.8,-1.8,23.3,-1.8,177,24,9,31,64,31,52,31
